trial,testing,parameters,initial_deadline,final_deadline,net_reward,actions,success
1,False,"{'a': 0.5, 'e': 1.0}",20,0,-56.46362449292869,"{0: 12, 1: 3, 2: 4, 3: 1, 4: 0}",0
2,False,"{'a': 0.5, 'e': 0.99}",25,0,-130.35443735271352,"{0: 18, 1: 2, 2: 2, 3: 0, 4: 3}",0
3,False,"{'a': 0.5, 'e': 0.9801}",25,0,-215.96525052794973,"{0: 14, 1: 2, 2: 4, 3: 1, 4: 4}",0
4,False,"{'a': 0.5, 'e': 0.970299}",20,0,-145.21284801030407,"{0: 11, 1: 1, 2: 5, 3: 1, 4: 2}",0
5,False,"{'a': 0.5, 'e': 0.96059601}",20,9,-57.50312788766195,"{0: 8, 1: 0, 2: 1, 3: 1, 4: 1}",1
6,False,"{'a': 0.5, 'e': 0.9509900498999999}",20,0,-61.345873832078894,"{0: 14, 1: 2, 2: 3, 3: 0, 4: 1}",0
7,False,"{'a': 0.5, 'e': 0.941480149401}",20,0,-17.235059611218617,"{0: 17, 1: 1, 2: 1, 3: 1, 4: 0}",0
8,False,"{'a': 0.5, 'e': 0.9320653479069899}",20,0,-216.55574580827377,"{0: 10, 1: 0, 2: 5, 3: 1, 4: 4}",0
9,False,"{'a': 0.5, 'e': 0.9227446944279201}",20,0,-85.21098580365891,"{0: 13, 1: 3, 2: 2, 3: 1, 4: 1}",0
10,False,"{'a': 0.5, 'e': 0.9135172474836408}",25,0,-178.87581312465255,"{0: 17, 1: 0, 2: 4, 3: 0, 4: 4}",0
11,False,"{'a': 0.5, 'e': 0.9043820750088044}",20,0,-65.29686261773612,"{0: 15, 1: 1, 2: 2, 3: 1, 4: 1}",0
12,False,"{'a': 0.5, 'e': 0.8953382542587164}",20,0,-171.2633986144258,"{0: 9, 1: 0, 2: 8, 3: 1, 4: 2}",0
13,False,"{'a': 0.5, 'e': 0.8863848717161292}",20,0,-9.438644309285008,"{0: 17, 1: 0, 2: 3, 3: 0, 4: 0}",0
14,False,"{'a': 0.5, 'e': 0.8775210229989678}",20,0,-67.92992166324903,"{0: 10, 1: 4, 2: 6, 3: 0, 4: 0}",0
15,False,"{'a': 0.5, 'e': 0.8687458127689782}",30,0,-68.00950602673169,"{0: 24, 1: 0, 2: 5, 3: 0, 4: 1}",0
16,False,"{'a': 0.5, 'e': 0.8600583546412884}",20,0,-64.67731233486771,"{0: 13, 1: 1, 2: 5, 3: 1, 4: 0}",0
17,False,"{'a': 0.5, 'e': 0.8514577710948755}",20,0,-119.26867928648694,"{0: 11, 1: 2, 2: 4, 3: 2, 4: 1}",0
18,False,"{'a': 0.5, 'e': 0.8429431933839268}",20,7,-25.061329679696073,"{0: 8, 1: 4, 2: 0, 3: 1, 4: 0}",1
19,False,"{'a': 0.5, 'e': 0.8345137614500875}",25,0,-140.64291764711112,"{0: 18, 1: 0, 2: 4, 3: 0, 4: 3}",0
20,False,"{'a': 0.5, 'e': 0.8261686238355866}",25,0,-127.52776533730109,"{0: 18, 1: 2, 2: 2, 3: 0, 4: 3}",0
21,False,"{'a': 0.5, 'e': 0.8179069375972308}",25,0,-125.35907697588571,"{0: 17, 1: 1, 2: 4, 3: 1, 4: 2}",0
22,False,"{'a': 0.5, 'e': 0.8097278682212584}",30,0,-128.8418535218174,"{0: 17, 1: 4, 2: 7, 3: 1, 4: 1}",0
23,False,"{'a': 0.5, 'e': 0.8016305895390459}",20,0,-127.76989797548195,"{0: 10, 1: 3, 2: 4, 3: 2, 4: 1}",0
24,False,"{'a': 0.5, 'e': 0.7936142836436554}",30,0,-120.43542360423264,"{0: 21, 1: 2, 2: 5, 3: 0, 4: 2}",0
25,False,"{'a': 0.5, 'e': 0.7856781408072188}",20,0,-223.9154905795575,"{0: 8, 1: 3, 2: 4, 3: 1, 4: 4}",0
26,False,"{'a': 0.5, 'e': 0.7778213593991467}",25,0,-47.95688614784577,"{0: 19, 1: 1, 2: 4, 3: 1, 4: 0}",0
27,False,"{'a': 0.5, 'e': 0.7700431458051551}",20,2,-102.780384962651,"{0: 11, 1: 2, 2: 3, 3: 0, 4: 2}",1
28,False,"{'a': 0.5, 'e': 0.7623427143471035}",25,4,-112.7247758648389,"{0: 14, 1: 2, 2: 2, 3: 1, 4: 2}",1
29,False,"{'a': 0.5, 'e': 0.7547192872036326}",30,0,-53.89902776072779,"{0: 21, 1: 4, 2: 4, 3: 1, 4: 0}",0
30,False,"{'a': 0.5, 'e': 0.7471720943315961}",30,0,-48.89387690655473,"{0: 22, 1: 1, 2: 7, 3: 0, 4: 0}",0
31,False,"{'a': 0.5, 'e': 0.7397003733882802}",25,0,-120.45810625860082,"{0: 15, 1: 3, 2: 3, 3: 3, 4: 1}",0
32,False,"{'a': 0.5, 'e': 0.7323033696543975}",25,0,-65.29560061984661,"{0: 17, 1: 4, 2: 3, 3: 0, 4: 1}",0
33,False,"{'a': 0.5, 'e': 0.7249803359578534}",25,9,-2.219497456532867,"{0: 13, 1: 1, 2: 2, 3: 0, 4: 0}",1
34,False,"{'a': 0.5, 'e': 0.7177305325982749}",20,2,-81.5646660768581,"{0: 12, 1: 2, 2: 1, 3: 2, 4: 1}",1
35,False,"{'a': 0.5, 'e': 0.7105532272722921}",20,0,-89.8786023619458,"{0: 15, 1: 1, 2: 2, 3: 0, 4: 2}",0
36,False,"{'a': 0.5, 'e': 0.7034476949995692}",30,5,-99.60522093804984,"{0: 17, 1: 3, 2: 3, 3: 0, 4: 2}",1
37,False,"{'a': 0.5, 'e': 0.6964132180495735}",20,5,-53.32440791363886,"{0: 11, 1: 0, 2: 3, 3: 0, 4: 1}",1
38,False,"{'a': 0.5, 'e': 0.6894490858690777}",20,16,7.555900328257899,"{0: 4, 1: 0, 2: 0, 3: 0, 4: 0}",1
39,False,"{'a': 0.5, 'e': 0.682554595010387}",30,10,-80.23640157495916,"{0: 15, 1: 2, 2: 1, 3: 0, 4: 2}",1
40,False,"{'a': 0.5, 'e': 0.6757290490602831}",25,0,-35.212110629139616,"{0: 19, 1: 2, 2: 3, 3: 1, 4: 0}",0
41,False,"{'a': 0.5, 'e': 0.6689717585696803}",20,9,-25.52625456716213,"{0: 8, 1: 0, 2: 2, 3: 1, 4: 0}",1
42,False,"{'a': 0.5, 'e': 0.6622820409839835}",20,0,-66.86448513877767,"{0: 14, 1: 1, 2: 4, 3: 0, 4: 1}",0
43,False,"{'a': 0.5, 'e': 0.6556592205741436}",20,0,-59.39327740980137,"{0: 15, 1: 0, 2: 4, 3: 0, 4: 1}",0
44,False,"{'a': 0.5, 'e': 0.6491026283684022}",20,0,-100.7876955050004,"{0: 15, 1: 0, 2: 2, 3: 1, 4: 2}",0
45,False,"{'a': 0.5, 'e': 0.6426116020847181}",25,14,7.464560899578308,"{0: 10, 1: 0, 2: 1, 3: 0, 4: 0}",1
46,False,"{'a': 0.5, 'e': 0.6361854860638709}",20,0,-48.216691423180556,"{0: 14, 1: 1, 2: 4, 3: 1, 4: 0}",0
47,False,"{'a': 0.5, 'e': 0.6298236312032323}",20,14,-18.502555075762505,"{0: 4, 1: 1, 2: 0, 3: 1, 4: 0}",1
48,False,"{'a': 0.5, 'e': 0.6235253948912}",20,9,-52.84850842708272,"{0: 6, 1: 2, 2: 1, 3: 2, 4: 0}",1
49,False,"{'a': 0.5, 'e': 0.617290140942288}",25,11,-70.60414999166147,"{0: 8, 1: 1, 2: 4, 3: 0, 4: 1}",1
50,False,"{'a': 0.5, 'e': 0.611117239532865}",30,7,-78.57707948981981,"{0: 18, 1: 2, 2: 1, 3: 0, 4: 2}",1
51,False,"{'a': 0.5, 'e': 0.6050060671375364}",30,0,-93.0747464232599,"{0: 24, 1: 0, 2: 4, 3: 0, 4: 2}",0
52,False,"{'a': 0.5, 'e': 0.598956006466161}",25,0,-113.29509242387616,"{0: 20, 1: 0, 2: 2, 3: 0, 4: 3}",0
53,False,"{'a': 0.5, 'e': 0.5929664464014994}",25,17,2.2534698129341457,"{0: 7, 1: 0, 2: 1, 3: 0, 4: 0}",1
54,False,"{'a': 0.5, 'e': 0.5870367819374844}",20,14,13.97886091683619,"{0: 6, 1: 0, 2: 0, 3: 0, 4: 0}",1
55,False,"{'a': 0.5, 'e': 0.5811664141181095}",25,16,-1.9096287381146206,"{0: 7, 1: 1, 2: 1, 3: 0, 4: 0}",1
56,False,"{'a': 0.5, 'e': 0.5753547499769285}",30,0,-193.1775858851584,"{0: 19, 1: 2, 2: 5, 3: 0, 4: 4}",0
57,False,"{'a': 0.5, 'e': 0.5696012024771592}",25,0,-6.44222004031593,"{0: 20, 1: 3, 2: 2, 3: 0, 4: 0}",0
58,False,"{'a': 0.5, 'e': 0.5639051904523875}",20,0,5.787452362842071,"{0: 17, 1: 3, 2: 0, 3: 0, 4: 0}",0
59,False,"{'a': 0.5, 'e': 0.5582661385478637}",20,6,-0.6450723032330594,"{0: 12, 1: 0, 2: 2, 3: 0, 4: 0}",1
60,False,"{'a': 0.5, 'e': 0.5526834771623851}",20,0,-21.345517504926846,"{0: 15, 1: 1, 2: 4, 3: 0, 4: 0}",0
61,False,"{'a': 0.5, 'e': 0.5471566423907612}",20,0,9.846132622370794,"{0: 18, 1: 1, 2: 1, 3: 0, 4: 0}",0
62,False,"{'a': 0.5, 'e': 0.5416850759668536}",25,0,-82.24409315748659,"{0: 15, 1: 7, 2: 2, 3: 0, 4: 1}",0
63,False,"{'a': 0.5, 'e': 0.536268225207185}",20,0,-53.79401190672766,"{0: 14, 1: 3, 2: 2, 3: 0, 4: 1}",0
64,False,"{'a': 0.5, 'e': 0.5309055429551132}",20,8,-34.17083345159949,"{0: 10, 1: 0, 2: 1, 3: 0, 4: 1}",1
65,False,"{'a': 0.5, 'e': 0.525596487525562}",20,0,-99.55165267530208,"{0: 16, 1: 1, 2: 0, 3: 0, 4: 3}",0
66,False,"{'a': 0.5, 'e': 0.5203405226503064}",25,5,15.399319003026738,"{0: 18, 1: 2, 2: 0, 3: 0, 4: 0}",1
67,False,"{'a': 0.5, 'e': 0.5151371174238033}",30,7,-46.53570072069045,"{0: 16, 1: 0, 2: 7, 3: 0, 4: 0}",1
68,False,"{'a': 0.5, 'e': 0.5099857462495653}",20,11,1.2837530041876448,"{0: 7, 1: 2, 2: 0, 3: 0, 4: 0}",1
69,False,"{'a': 0.5, 'e': 0.5048858887870696}",20,14,-0.8141964482598798,"{0: 5, 1: 0, 2: 1, 3: 0, 4: 0}",1
70,False,"{'a': 0.5, 'e': 0.4998370298991989}",30,2,-8.961543443762316,"{0: 24, 1: 1, 2: 2, 3: 1, 4: 0}",1
71,False,"{'a': 0.5, 'e': 0.49483865960020695}",20,11,12.820819105876804,"{0: 9, 1: 0, 2: 0, 3: 0, 4: 0}",1
72,False,"{'a': 0.5, 'e': 0.4898902730042049}",25,7,-54.55525737196985,"{0: 14, 1: 1, 2: 1, 3: 1, 4: 1}",1
73,False,"{'a': 0.5, 'e': 0.48499137027416284}",30,8,-63.342270793163564,"{0: 16, 1: 1, 2: 4, 3: 0, 4: 1}",1
74,False,"{'a': 0.5, 'e': 0.4801414565714212}",25,1,20.109535482021542,"{0: 23, 1: 0, 2: 1, 3: 0, 4: 0}",1
75,False,"{'a': 0.5, 'e': 0.47534004200570695}",30,19,11.255082538093248,"{0: 10, 1: 1, 2: 0, 3: 0, 4: 0}",1
76,False,"{'a': 0.5, 'e': 0.4705866415856499}",25,0,-96.45667474228661,"{0: 19, 1: 2, 2: 1, 3: 1, 4: 2}",0
77,False,"{'a': 0.5, 'e': 0.46588077516979337}",30,12,-31.131199561535293,"{0: 13, 1: 1, 2: 3, 3: 1, 4: 0}",1
78,False,"{'a': 0.5, 'e': 0.46122196741809546}",20,0,-19.567654516713617,"{0: 16, 1: 1, 2: 2, 3: 1, 4: 0}",0
79,False,"{'a': 0.5, 'e': 0.4566097477439145}",20,0,18.696317207169752,"{0: 18, 1: 2, 2: 0, 3: 0, 4: 0}",0
80,False,"{'a': 0.5, 'e': 0.45204365026647536}",30,7,-66.1462815884432,"{0: 14, 1: 1, 2: 7, 3: 1, 4: 0}",1
81,False,"{'a': 0.5, 'e': 0.4475232137638106}",20,0,-79.25854381833845,"{0: 16, 1: 0, 2: 2, 3: 0, 4: 2}",0
82,False,"{'a': 0.5, 'e': 0.4430479816261725}",30,14,-20.412002575602536,"{0: 11, 1: 2, 2: 3, 3: 0, 4: 0}",1
83,False,"{'a': 0.5, 'e': 0.43861750180991077}",20,12,6.618447752825682,"{0: 7, 1: 0, 2: 1, 3: 0, 4: 0}",1
84,False,"{'a': 0.5, 'e': 0.43423132679181164}",25,0,-54.333254954507424,"{0: 17, 1: 2, 2: 5, 3: 1, 4: 0}",1
85,False,"{'a': 0.5, 'e': 0.4298890135238935}",25,7,-16.941994459251354,"{0: 12, 1: 4, 2: 2, 3: 0, 4: 0}",1
86,False,"{'a': 0.5, 'e': 0.4255901233886546}",20,16,8.436627157601851,"{0: 4, 1: 0, 2: 0, 3: 0, 4: 0}",1
87,False,"{'a': 0.5, 'e': 0.421334222154768}",20,12,-21.258373016744983,"{0: 5, 1: 2, 2: 0, 3: 1, 4: 0}",1
88,False,"{'a': 0.5, 'e': 0.41712087993322033}",25,0,-113.08484100862958,"{0: 17, 1: 2, 2: 3, 3: 1, 4: 2}",0
89,False,"{'a': 0.5, 'e': 0.41294967113388814}",20,0,7.264194656283244,"{0: 18, 1: 0, 2: 2, 3: 0, 4: 0}",0
90,False,"{'a': 0.5, 'e': 0.40882017442254925}",20,6,19.503493011462428,"{0: 14, 1: 0, 2: 0, 3: 0, 4: 0}",1
91,False,"{'a': 0.5, 'e': 0.4047319726783238}",20,12,12.424402972358841,"{0: 8, 1: 0, 2: 0, 3: 0, 4: 0}",1
92,False,"{'a': 0.5, 'e': 0.40068465295154054}",20,5,-8.105495874834642,"{0: 11, 1: 3, 2: 1, 3: 0, 4: 0}",1
93,False,"{'a': 0.5, 'e': 0.3966778064220251}",25,14,8.380979187906513,"{0: 10, 1: 0, 2: 1, 3: 0, 4: 0}",1
94,False,"{'a': 0.5, 'e': 0.39271102835780486}",25,0,-25.72591370958253,"{0: 21, 1: 1, 2: 1, 3: 2, 4: 0}",0
95,False,"{'a': 0.5, 'e': 0.3887839180742268}",20,13,13.492237113543204,"{0: 7, 1: 0, 2: 0, 3: 0, 4: 0}",1
96,False,"{'a': 0.5, 'e': 0.38489607889348454}",25,1,-116.2038368432523,"{0: 17, 1: 1, 2: 3, 3: 1, 4: 2}",1
97,False,"{'a': 0.5, 'e': 0.38104711810454966}",25,6,-25.964671409675795,"{0: 17, 1: 0, 2: 1, 3: 0, 4: 1}",1
98,False,"{'a': 0.5, 'e': 0.37723664692350417}",25,14,12.316490977422982,"{0: 10, 1: 0, 2: 1, 3: 0, 4: 0}",1
99,False,"{'a': 0.5, 'e': 0.37346428045426916}",30,15,-21.469035855276132,"{0: 13, 1: 0, 2: 1, 3: 0, 4: 1}",1
100,False,"{'a': 0.5, 'e': 0.36972963764972644}",20,0,-6.3528624862983465,"{0: 18, 1: 0, 2: 1, 3: 1, 4: 0}",0
101,False,"{'a': 0.5, 'e': 0.3660323412732292}",20,13,9.472885143888492,"{0: 7, 1: 0, 2: 0, 3: 0, 4: 0}",1
102,False,"{'a': 0.5, 'e': 0.3623720178604969}",30,13,-28.461340202097162,"{0: 12, 1: 1, 2: 4, 3: 0, 4: 0}",1
103,False,"{'a': 0.5, 'e': 0.3587482976818919}",25,17,17.194267097046474,"{0: 8, 1: 0, 2: 0, 3: 0, 4: 0}",1
104,False,"{'a': 0.5, 'e': 0.355160814705073}",20,0,-38.87854201150129,"{0: 16, 1: 1, 2: 2, 3: 0, 4: 1}",0
105,False,"{'a': 0.5, 'e': 0.35160920655802225}",20,12,13.021229697882536,"{0: 8, 1: 0, 2: 0, 3: 0, 4: 0}",1
106,False,"{'a': 0.5, 'e': 0.348093114492442}",30,5,-49.453706031518756,"{0: 21, 1: 0, 2: 2, 3: 1, 4: 1}",1
107,False,"{'a': 0.5, 'e': 0.3446121833475176}",20,9,19.914163129685303,"{0: 11, 1: 0, 2: 0, 3: 0, 4: 0}",1
108,False,"{'a': 0.5, 'e': 0.34116606151404244}",20,12,12.955621168789605,"{0: 8, 1: 0, 2: 0, 3: 0, 4: 0}",1
109,False,"{'a': 0.5, 'e': 0.337754400898902}",20,0,-25.119809382263995,"{0: 18, 1: 0, 2: 1, 3: 0, 4: 1}",0
110,False,"{'a': 0.5, 'e': 0.334376856889913}",25,0,-18.916004798466304,"{0: 19, 1: 4, 2: 2, 3: 0, 4: 0}",0
111,False,"{'a': 0.5, 'e': 0.33103308832101386}",25,17,-4.148215116911303,"{0: 7, 1: 0, 2: 0, 3: 1, 4: 0}",1
112,False,"{'a': 0.5, 'e': 0.3277227574378037}",30,16,-37.379227828071606,"{0: 10, 1: 1, 2: 1, 3: 2, 4: 0}",1
113,False,"{'a': 0.5, 'e': 0.3244455298634257}",20,13,-5.50126125763307,"{0: 5, 1: 1, 2: 1, 3: 0, 4: 0}",1
114,False,"{'a': 0.5, 'e': 0.3212010745647914}",20,4,-3.7354734951191606,"{0: 12, 1: 2, 2: 2, 3: 0, 4: 0}",1
115,False,"{'a': 0.5, 'e': 0.3179890638191435}",20,0,-34.22217853779633,"{0: 17, 1: 1, 2: 1, 3: 0, 4: 1}",0
116,False,"{'a': 0.5, 'e': 0.31480917318095203}",25,0,-89.50120678148718,"{0: 18, 1: 2, 2: 3, 3: 0, 4: 2}",0
117,False,"{'a': 0.5, 'e': 0.3116610814491425}",30,11,18.06495669067651,"{0: 17, 1: 1, 2: 1, 3: 0, 4: 0}",1
118,False,"{'a': 0.5, 'e': 0.30854447063465107}",20,0,-6.521150678574493,"{0: 18, 1: 0, 2: 1, 3: 1, 4: 0}",0
119,False,"{'a': 0.5, 'e': 0.3054590259283046}",25,11,-37.07263216574908,"{0: 8, 1: 1, 2: 5, 3: 0, 4: 0}",1
120,False,"{'a': 0.5, 'e': 0.30240443566902153}",20,10,-2.620100960551108,"{0: 7, 1: 3, 2: 0, 3: 0, 4: 0}",1
121,False,"{'a': 0.5, 'e': 0.2993803913123313}",20,2,6.968492607101549,"{0: 16, 1: 1, 2: 1, 3: 0, 4: 0}",1
122,False,"{'a': 0.5, 'e': 0.296386587399208}",25,12,-72.17340173989672,"{0: 9, 1: 0, 2: 1, 3: 2, 4: 1}",1
123,False,"{'a': 0.5, 'e': 0.2934227215252159}",30,6,-23.365061073894342,"{0: 20, 1: 1, 2: 1, 3: 2, 4: 0}",1
124,False,"{'a': 0.5, 'e': 0.29048849430996376}",25,0,-104.39745641781488,"{0: 17, 1: 3, 2: 3, 3: 0, 4: 2}",0
125,False,"{'a': 0.5, 'e': 0.2875836093668641}",20,0,-5.742738180589813,"{0: 18, 1: 0, 2: 1, 3: 1, 4: 0}",0
126,False,"{'a': 0.5, 'e': 0.28470777327319546}",25,15,17.508099273747757,"{0: 10, 1: 0, 2: 0, 3: 0, 4: 0}",1
127,False,"{'a': 0.5, 'e': 0.2818606955404635}",20,11,-37.031501606407666,"{0: 7, 1: 0, 2: 1, 3: 0, 4: 1}",1
128,False,"{'a': 0.5, 'e': 0.27904208858505886}",30,22,15.90162538102424,"{0: 8, 1: 0, 2: 0, 3: 0, 4: 0}",1
129,False,"{'a': 0.5, 'e': 0.2762516676992083}",20,2,7.282007985491285,"{0: 16, 1: 0, 2: 2, 3: 0, 4: 0}",1
130,False,"{'a': 0.5, 'e': 0.2734891510222162}",25,3,21.151338277414773,"{0: 21, 1: 0, 2: 1, 3: 0, 4: 0}",1
131,False,"{'a': 0.5, 'e': 0.27075425951199406}",20,10,16.181788031811077,"{0: 10, 1: 0, 2: 0, 3: 0, 4: 0}",1
132,False,"{'a': 0.5, 'e': 0.2680467169168741}",20,1,2.549012936817667,"{0: 18, 1: 0, 2: 0, 3: 1, 4: 0}",1
133,False,"{'a': 0.5, 'e': 0.26536624974770534}",25,18,13.32405840309098,"{0: 7, 1: 0, 2: 0, 3: 0, 4: 0}",1
134,False,"{'a': 0.5, 'e': 0.2627125872502283}",20,5,-18.669975450464765,"{0: 14, 1: 0, 2: 0, 3: 0, 4: 1}",1
135,False,"{'a': 0.5, 'e': 0.26008546137772603}",25,9,-68.35141634606344,"{0: 10, 1: 1, 2: 4, 3: 0, 4: 1}",1
136,False,"{'a': 0.5, 'e': 0.25748460676394874}",35,16,9.278535187433597,"{0: 16, 1: 1, 2: 2, 3: 0, 4: 0}",1
137,False,"{'a': 0.5, 'e': 0.2549097606963093}",30,12,-33.16992060240498,"{0: 15, 1: 0, 2: 2, 3: 0, 4: 1}",1
138,False,"{'a': 0.5, 'e': 0.2523606630893462}",20,0,-15.435809785309603,"{0: 19, 1: 0, 2: 0, 3: 0, 4: 1}",0
139,False,"{'a': 0.5, 'e': 0.2498370564584527}",35,25,10.432291410811475,"{0: 9, 1: 1, 2: 0, 3: 0, 4: 0}",1
140,False,"{'a': 0.5, 'e': 0.24733868589386818}",20,0,-38.617265226862614,"{0: 16, 1: 1, 2: 2, 3: 0, 4: 1}",0
141,False,"{'a': 0.5, 'e': 0.24486529903492948}",30,6,-0.7400013591057213,"{0: 21, 1: 1, 2: 1, 3: 1, 4: 0}",1
142,False,"{'a': 0.5, 'e': 0.2424166460445802}",25,18,11.797493734366787,"{0: 7, 1: 0, 2: 0, 3: 0, 4: 0}",1
143,False,"{'a': 0.5, 'e': 0.2399924795841344}",25,12,-22.35450174226728,"{0: 11, 1: 1, 2: 0, 3: 0, 4: 1}",1
144,False,"{'a': 0.5, 'e': 0.23759255478829303}",20,4,20.205136570596622,"{0: 15, 1: 1, 2: 0, 3: 0, 4: 0}",1
145,False,"{'a': 0.5, 'e': 0.23521662924041012}",30,21,5.042845677348534,"{0: 8, 1: 0, 2: 1, 3: 0, 4: 0}",1
146,False,"{'a': 0.5, 'e': 0.232864462948006}",20,8,12.107890441961047,"{0: 11, 1: 1, 2: 0, 3: 0, 4: 0}",1
147,False,"{'a': 0.5, 'e': 0.23053581831852593}",25,12,22.63761478685548,"{0: 13, 1: 0, 2: 0, 3: 0, 4: 0}",1
148,False,"{'a': 0.5, 'e': 0.22823046013534068}",20,8,21.216249984384266,"{0: 12, 1: 0, 2: 0, 3: 0, 4: 0}",1
149,False,"{'a': 0.5, 'e': 0.22594815553398728}",25,0,-19.134671533247,"{0: 22, 1: 2, 2: 0, 3: 0, 4: 1}",0
150,False,"{'a': 0.5, 'e': 0.2236886739786474}",20,5,26.78607312592664,"{0: 15, 1: 0, 2: 0, 3: 0, 4: 0}",1
151,False,"{'a': 0.5, 'e': 0.22145178723886091}",30,19,18.707897774572572,"{0: 11, 1: 0, 2: 0, 3: 0, 4: 0}",1
152,False,"{'a': 0.5, 'e': 0.2192372693664723}",30,3,44.75531887048077,"{0: 27, 1: 0, 2: 0, 3: 0, 4: 0}",1
153,False,"{'a': 0.5, 'e': 0.21704489667280757}",30,10,0.39173202310559674,"{0: 16, 1: 2, 2: 2, 3: 0, 4: 0}",1
154,False,"{'a': 0.5, 'e': 0.2148744477060795}",25,10,5.5437415959406104,"{0: 13, 1: 0, 2: 2, 3: 0, 4: 0}",1
155,False,"{'a': 0.5, 'e': 0.2127257032290187}",25,14,23.820974975637174,"{0: 11, 1: 0, 2: 0, 3: 0, 4: 0}",1
156,False,"{'a': 0.5, 'e': 0.21059844619672852}",25,20,9.033572844795646,"{0: 5, 1: 0, 2: 0, 3: 0, 4: 0}",1
157,False,"{'a': 0.5, 'e': 0.20849246173476124}",20,13,-11.988739907349764,"{0: 5, 1: 0, 2: 2, 3: 0, 4: 0}",1
158,False,"{'a': 0.5, 'e': 0.2064075371174136}",20,15,8.757368294064344,"{0: 5, 1: 0, 2: 0, 3: 0, 4: 0}",1
159,False,"{'a': 0.5, 'e': 0.2043434617462395}",35,12,43.663628710868174,"{0: 23, 1: 0, 2: 0, 3: 0, 4: 0}",1
160,False,"{'a': 0.5, 'e': 0.2023000271287771}",20,8,6.102105226391744,"{0: 11, 1: 0, 2: 1, 3: 0, 4: 0}",1
161,False,"{'a': 0.5, 'e': 0.2002770268574893}",30,9,-37.414170681994285,"{0: 18, 1: 0, 2: 1, 3: 1, 4: 1}",1
162,False,"{'a': 0.5, 'e': 0.19827425658891443}",20,13,5.498382625624994,"{0: 6, 1: 1, 2: 0, 3: 0, 4: 0}",1
163,False,"{'a': 0.5, 'e': 0.19629151402302528}",20,15,9.558913358861115,"{0: 5, 1: 0, 2: 0, 3: 0, 4: 0}",1
164,False,"{'a': 0.5, 'e': 0.19432859888279502}",25,17,13.051615684390354,"{0: 8, 1: 0, 2: 0, 3: 0, 4: 0}",1
165,False,"{'a': 0.5, 'e': 0.19238531289396707}",25,11,15.22081046541495,"{0: 13, 1: 1, 2: 0, 3: 0, 4: 0}",1
166,False,"{'a': 0.5, 'e': 0.1904614597650274}",20,14,11.61252110143819,"{0: 6, 1: 0, 2: 0, 3: 0, 4: 0}",1
167,False,"{'a': 0.5, 'e': 0.1885568451673771}",20,0,2.242715280382217,"{0: 17, 1: 1, 2: 2, 3: 0, 4: 0}",0
168,False,"{'a': 0.5, 'e': 0.18667127671570335}",20,8,23.48837112387015,"{0: 12, 1: 0, 2: 0, 3: 0, 4: 0}",1
169,False,"{'a': 0.5, 'e': 0.1848045639485463}",25,14,23.51002760452352,"{0: 11, 1: 0, 2: 0, 3: 0, 4: 0}",1
170,False,"{'a': 0.5, 'e': 0.18295651830906084}",25,0,-22.804386961487644,"{0: 22, 1: 0, 2: 2, 3: 0, 4: 1}",0
171,False,"{'a': 0.5, 'e': 0.18112695312597024}",25,12,24.583854833154383,"{0: 13, 1: 0, 2: 0, 3: 0, 4: 0}",1
172,False,"{'a': 0.5, 'e': 0.17931568359471053}",25,11,27.655971861000715,"{0: 14, 1: 0, 2: 0, 3: 0, 4: 0}",1
173,False,"{'a': 0.5, 'e': 0.17752252675876343}",20,4,-11.469299017329554,"{0: 15, 1: 0, 2: 0, 3: 0, 4: 1}",1
174,False,"{'a': 0.5, 'e': 0.1757473014911758}",25,10,28.7855816400263,"{0: 15, 1: 0, 2: 0, 3: 0, 4: 0}",1
175,False,"{'a': 0.5, 'e': 0.173989828476264}",20,12,-6.812928376248107,"{0: 7, 1: 0, 2: 0, 3: 1, 4: 0}",1
176,False,"{'a': 0.5, 'e': 0.1722499301915014}",25,19,12.706097303367297,"{0: 6, 1: 0, 2: 0, 3: 0, 4: 0}",1
177,False,"{'a': 0.5, 'e': 0.17052743088958636}",25,8,29.326080321072645,"{0: 17, 1: 0, 2: 0, 3: 0, 4: 0}",1
178,False,"{'a': 0.5, 'e': 0.1688221565806905}",25,16,11.167355784582734,"{0: 9, 1: 0, 2: 0, 3: 0, 4: 0}",1
179,False,"{'a': 0.5, 'e': 0.1671339350148836}",35,21,25.608285210911,"{0: 14, 1: 0, 2: 0, 3: 0, 4: 0}",1
180,False,"{'a': 0.5, 'e': 0.16546259566473476}",25,12,-1.5118066852902685,"{0: 12, 1: 0, 2: 0, 3: 1, 4: 0}",1
181,False,"{'a': 0.5, 'e': 0.16380796970808742}",20,5,-21.201174430012195,"{0: 14, 1: 0, 2: 0, 3: 0, 4: 1}",1
182,False,"{'a': 0.5, 'e': 0.16216989001100654}",20,3,6.812481577388306,"{0: 15, 1: 1, 2: 1, 3: 0, 4: 0}",1
183,False,"{'a': 0.5, 'e': 0.16054819111089647}",25,17,-4.095084309814522,"{0: 7, 1: 0, 2: 0, 3: 1, 4: 0}",1
184,False,"{'a': 0.5, 'e': 0.1589427091997875}",25,14,18.781925415962103,"{0: 11, 1: 0, 2: 0, 3: 0, 4: 0}",1
185,False,"{'a': 0.5, 'e': 0.15735328210778962}",25,11,25.65592595682228,"{0: 14, 1: 0, 2: 0, 3: 0, 4: 0}",1
186,False,"{'a': 0.5, 'e': 0.15577974928671173}",20,8,5.8521580402515525,"{0: 10, 1: 2, 2: 0, 3: 0, 4: 0}",1
187,False,"{'a': 0.5, 'e': 0.1542219517938446}",20,6,-16.161532537589586,"{0: 10, 1: 1, 2: 3, 3: 0, 4: 0}",1
188,False,"{'a': 0.5, 'e': 0.15267973227590617}",25,3,21.947847755210958,"{0: 21, 1: 0, 2: 1, 3: 0, 4: 0}",1
189,False,"{'a': 0.5, 'e': 0.1511529349531471}",30,12,30.80133092962948,"{0: 18, 1: 0, 2: 0, 3: 0, 4: 0}",1
190,False,"{'a': 0.5, 'e': 0.14964140560361563}",35,18,34.45661902305648,"{0: 17, 1: 0, 2: 0, 3: 0, 4: 0}",1
191,False,"{'a': 0.5, 'e': 0.14814499154757946}",30,8,38.90179803074615,"{0: 22, 1: 0, 2: 0, 3: 0, 4: 0}",1
192,False,"{'a': 0.5, 'e': 0.14666354163210368}",20,0,25.785136778889306,"{0: 20, 1: 0, 2: 0, 3: 0, 4: 0}",0
193,False,"{'a': 0.5, 'e': 0.14519690621578263}",20,11,-6.563515839688186,"{0: 8, 1: 0, 2: 0, 3: 1, 4: 0}",1
194,False,"{'a': 0.5, 'e': 0.1437449371536248}",20,12,12.282346379028821,"{0: 8, 1: 0, 2: 0, 3: 0, 4: 0}",1
195,False,"{'a': 0.5, 'e': 0.14230748778208857}",25,4,27.604304126495805,"{0: 20, 1: 1, 2: 0, 3: 0, 4: 0}",1
196,False,"{'a': 0.5, 'e': 0.14088441290426768}",20,11,-24.136445153417096,"{0: 8, 1: 0, 2: 0, 3: 0, 4: 1}",1
197,False,"{'a': 0.5, 'e': 0.139475568775225}",25,7,23.51648198171958,"{0: 17, 1: 0, 2: 1, 3: 0, 4: 0}",1
198,False,"{'a': 0.5, 'e': 0.13808081308747275}",20,8,22.416391261318154,"{0: 12, 1: 0, 2: 0, 3: 0, 4: 0}",1
199,False,"{'a': 0.5, 'e': 0.136700004956598}",25,14,-39.3572880159087,"{0: 8, 1: 1, 2: 1, 3: 0, 4: 1}",1
200,False,"{'a': 0.5, 'e': 0.13533300490703204}",25,18,12.70754381674412,"{0: 7, 1: 0, 2: 0, 3: 0, 4: 0}",1
201,False,"{'a': 0.5, 'e': 0.13397967485796172}",20,14,10.288100192230836,"{0: 6, 1: 0, 2: 0, 3: 0, 4: 0}",1
202,False,"{'a': 0.5, 'e': 0.1326398781093821}",20,2,12.695253070977227,"{0: 16, 1: 1, 2: 1, 3: 0, 4: 0}",1
203,False,"{'a': 0.5, 'e': 0.13131347932828827}",20,5,18.417193154734,"{0: 14, 1: 0, 2: 1, 3: 0, 4: 0}",1
204,False,"{'a': 0.5, 'e': 0.1300003445350054}",20,8,22.300290946348383,"{0: 12, 1: 0, 2: 0, 3: 0, 4: 0}",1
205,False,"{'a': 0.5, 'e': 0.12870034108965533}",20,0,23.646956173218676,"{0: 19, 1: 1, 2: 0, 3: 0, 4: 0}",1
206,False,"{'a': 0.5, 'e': 0.1274133376787588}",20,10,18.7011677130646,"{0: 10, 1: 0, 2: 0, 3: 0, 4: 0}",1
207,False,"{'a': 0.5, 'e': 0.12613920430197118}",25,12,22.763074120118198,"{0: 13, 1: 0, 2: 0, 3: 0, 4: 0}",1
208,False,"{'a': 0.5, 'e': 0.12487781225895148}",20,14,10.818907217685032,"{0: 6, 1: 0, 2: 0, 3: 0, 4: 0}",1
209,False,"{'a': 0.5, 'e': 0.12362903413636196}",30,11,-29.9987514537695,"{0: 15, 1: 3, 2: 0, 3: 0, 4: 1}",1
210,False,"{'a': 0.5, 'e': 0.12239274379499834}",30,12,36.92230317626354,"{0: 18, 1: 0, 2: 0, 3: 0, 4: 0}",1
211,False,"{'a': 0.5, 'e': 0.12116881635704835}",20,6,-16.279271100023887,"{0: 13, 1: 0, 2: 0, 3: 0, 4: 1}",1
212,False,"{'a': 0.5, 'e': 0.11995712819347787}",20,9,20.032149211477577,"{0: 11, 1: 0, 2: 0, 3: 0, 4: 0}",1
213,False,"{'a': 0.5, 'e': 0.11875755691154309}",30,21,16.33090575172712,"{0: 9, 1: 0, 2: 0, 3: 0, 4: 0}",1
214,False,"{'a': 0.5, 'e': 0.11756998134242766}",20,10,17.21586497919565,"{0: 10, 1: 0, 2: 0, 3: 0, 4: 0}",1
215,False,"{'a': 0.5, 'e': 0.11639428152900338}",20,4,-38.5956191451535,"{0: 14, 1: 0, 2: 0, 3: 1, 4: 1}",1
216,False,"{'a': 0.5, 'e': 0.11523033871371334}",20,0,20.156485004164686,"{0: 18, 1: 2, 2: 0, 3: 0, 4: 0}",0
217,False,"{'a': 0.5, 'e': 0.1140780353265762}",20,8,21.727465046046916,"{0: 12, 1: 0, 2: 0, 3: 0, 4: 0}",1
218,False,"{'a': 0.5, 'e': 0.11293725497331045}",25,11,28.579701615986266,"{0: 14, 1: 0, 2: 0, 3: 0, 4: 0}",1
219,False,"{'a': 0.5, 'e': 0.11180788242357734}",25,0,36.96352566592245,"{0: 25, 1: 0, 2: 0, 3: 0, 4: 0}",0
220,False,"{'a': 0.5, 'e': 0.11068980359934157}",20,9,1.1758462265205076,"{0: 9, 1: 1, 2: 1, 3: 0, 4: 0}",1
221,False,"{'a': 0.5, 'e': 0.10958290556334815}",35,25,14.624111676968663,"{0: 10, 1: 0, 2: 0, 3: 0, 4: 0}",1
222,False,"{'a': 0.5, 'e': 0.10848707650771466}",35,13,-3.107189018447901,"{0: 19, 1: 0, 2: 2, 3: 1, 4: 0}",1
223,False,"{'a': 0.5, 'e': 0.10740220574263752}",25,15,19.33090736863228,"{0: 10, 1: 0, 2: 0, 3: 0, 4: 0}",1
224,False,"{'a': 0.5, 'e': 0.10632818368521114}",25,0,26.406682779480303,"{0: 23, 1: 1, 2: 1, 3: 0, 4: 0}",0
225,False,"{'a': 0.5, 'e': 0.10526490184835903}",25,9,28.002668668321828,"{0: 16, 1: 0, 2: 0, 3: 0, 4: 0}",1
226,False,"{'a': 0.5, 'e': 0.10421225282987544}",25,8,18.661372467893973,"{0: 16, 1: 0, 2: 1, 3: 0, 4: 0}",1
227,False,"{'a': 0.5, 'e': 0.10317013030157669}",20,8,16.185069816339798,"{0: 11, 1: 1, 2: 0, 3: 0, 4: 0}",1
228,False,"{'a': 0.5, 'e': 0.10213842899856092}",25,13,16.451305039506778,"{0: 12, 1: 0, 2: 0, 3: 0, 4: 0}",1
229,False,"{'a': 0.5, 'e': 0.10111704470857531}",25,16,10.03006948135504,"{0: 8, 1: 1, 2: 0, 3: 0, 4: 0}",1
230,False,"{'a': 0.5, 'e': 0.10010587426148955}",25,15,19.144077829059,"{0: 10, 1: 0, 2: 0, 3: 0, 4: 0}",1
231,False,"{'a': 0.5, 'e': 0.09910481551887466}",20,0,37.70613332111953,"{0: 20, 1: 0, 2: 0, 3: 0, 4: 0}",0
232,False,"{'a': 0.5, 'e': 0.0981137673636859}",20,16,8.70175183393416,"{0: 4, 1: 0, 2: 0, 3: 0, 4: 0}",1
233,False,"{'a': 0.5, 'e': 0.09713262969004904}",25,7,33.071963459652736,"{0: 18, 1: 0, 2: 0, 3: 0, 4: 0}",1
234,False,"{'a': 0.5, 'e': 0.09616130339314856}",20,8,20.770842896506657,"{0: 12, 1: 0, 2: 0, 3: 0, 4: 0}",1
235,False,"{'a': 0.5, 'e': 0.09519969035921708}",25,8,30.563682781694798,"{0: 17, 1: 0, 2: 0, 3: 0, 4: 0}",1
236,False,"{'a': 0.5, 'e': 0.0942476934556249}",30,24,12.009598171755922,"{0: 6, 1: 0, 2: 0, 3: 0, 4: 0}",1
237,False,"{'a': 0.5, 'e': 0.09330521652106866}",20,4,14.810671794996466,"{0: 15, 1: 0, 2: 1, 3: 0, 4: 0}",1
238,False,"{'a': 0.5, 'e': 0.09237216435585796}",20,13,13.706092289871455,"{0: 7, 1: 0, 2: 0, 3: 0, 4: 0}",1
239,False,"{'a': 0.5, 'e': 0.09144844271229938}",20,12,12.580647986818025,"{0: 8, 1: 0, 2: 0, 3: 0, 4: 0}",1
240,False,"{'a': 0.5, 'e': 0.0905339582851764}",30,22,15.182540447922616,"{0: 8, 1: 0, 2: 0, 3: 0, 4: 0}",1
241,False,"{'a': 0.5, 'e': 0.08962861870232462}",25,17,-34.32844344219566,"{0: 6, 1: 1, 2: 0, 3: 0, 4: 1}",1
242,False,"{'a': 0.5, 'e': 0.08873233251530138}",20,8,23.85666708536569,"{0: 12, 1: 0, 2: 0, 3: 0, 4: 0}",1
243,False,"{'a': 0.5, 'e': 0.08784500919014836}",20,6,14.477888286731872,"{0: 13, 1: 0, 2: 1, 3: 0, 4: 0}",1
244,False,"{'a': 0.5, 'e': 0.08696655909824688}",25,14,19.262942535878604,"{0: 11, 1: 0, 2: 0, 3: 0, 4: 0}",1
245,False,"{'a': 0.5, 'e': 0.0860968935072644}",20,15,3.665016934818592,"{0: 4, 1: 1, 2: 0, 3: 0, 4: 0}",1
246,False,"{'a': 0.5, 'e': 0.08523592457219176}",25,11,24.653674261041743,"{0: 14, 1: 0, 2: 0, 3: 0, 4: 0}",1
247,False,"{'a': 0.5, 'e': 0.08438356532646984}",25,11,26.61735701114808,"{0: 14, 1: 0, 2: 0, 3: 0, 4: 0}",1
248,False,"{'a': 0.5, 'e': 0.08353972967320515}",30,14,32.80813173572107,"{0: 16, 1: 0, 2: 0, 3: 0, 4: 0}",1
249,False,"{'a': 0.5, 'e': 0.0827043323764731}",25,12,14.637147436887231,"{0: 12, 1: 0, 2: 1, 3: 0, 4: 0}",1
250,False,"{'a': 0.5, 'e': 0.08187728905270836}",20,6,0.9730240273908863,"{0: 13, 1: 0, 2: 0, 3: 1, 4: 0}",1
251,False,"{'a': 0.5, 'e': 0.08105851616218128}",30,22,15.456828697528604,"{0: 8, 1: 0, 2: 0, 3: 0, 4: 0}",1
252,False,"{'a': 0.5, 'e': 0.08024793100055946}",20,0,33.442968410747554,"{0: 20, 1: 0, 2: 0, 3: 0, 4: 0}",0
253,False,"{'a': 0.5, 'e': 0.07944545169055386}",25,14,8.678234745358255,"{0: 10, 1: 0, 2: 1, 3: 0, 4: 0}",1
254,False,"{'a': 0.5, 'e': 0.07865099717364833}",20,13,11.807945069268097,"{0: 7, 1: 0, 2: 0, 3: 0, 4: 0}",1
255,False,"{'a': 0.5, 'e': 0.07786448720191184}",20,6,29.016988076634437,"{0: 14, 1: 0, 2: 0, 3: 0, 4: 0}",1
256,False,"{'a': 0.5, 'e': 0.07708584232989273}",20,16,8.599811593164969,"{0: 4, 1: 0, 2: 0, 3: 0, 4: 0}",1
257,False,"{'a': 0.5, 'e': 0.0763149839065938}",25,17,11.354104042383073,"{0: 8, 1: 0, 2: 0, 3: 0, 4: 0}",1
258,False,"{'a': 0.5, 'e': 0.07555183406752786}",20,11,18.45724424600944,"{0: 9, 1: 0, 2: 0, 3: 0, 4: 0}",1
259,False,"{'a': 0.5, 'e': 0.07479631572685258}",35,23,24.64358537916402,"{0: 12, 1: 0, 2: 0, 3: 0, 4: 0}",1
260,False,"{'a': 0.5, 'e': 0.07404835256958406}",25,14,-0.5479824590896154,"{0: 10, 1: 0, 2: 0, 3: 1, 4: 0}",1
261,False,"{'a': 0.5, 'e': 0.07330786904388821}",35,23,23.55028600898108,"{0: 12, 1: 0, 2: 0, 3: 0, 4: 0}",1
262,False,"{'a': 0.5, 'e': 0.07257479035344933}",25,15,19.75231148373351,"{0: 10, 1: 0, 2: 0, 3: 0, 4: 0}",1
263,False,"{'a': 0.5, 'e': 0.07184904244991483}",20,13,15.787465987553489,"{0: 7, 1: 0, 2: 0, 3: 0, 4: 0}",1
264,False,"{'a': 0.5, 'e': 0.07113055202541568}",20,6,28.237130902252197,"{0: 14, 1: 0, 2: 0, 3: 0, 4: 0}",1
265,False,"{'a': 0.5, 'e': 0.07041924650516153}",20,16,8.65670108066039,"{0: 4, 1: 0, 2: 0, 3: 0, 4: 0}",1
266,False,"{'a': 0.5, 'e': 0.06971505404010991}",20,12,-24.39864963128919,"{0: 7, 1: 0, 2: 0, 3: 0, 4: 1}",1
267,False,"{'a': 0.5, 'e': 0.06901790349970881}",30,15,26.276163592183238,"{0: 15, 1: 0, 2: 0, 3: 0, 4: 0}",1
268,False,"{'a': 0.5, 'e': 0.06832772446471172}",25,11,11.454094178092351,"{0: 13, 1: 0, 2: 1, 3: 0, 4: 0}",1
269,False,"{'a': 0.5, 'e': 0.0676444472200646}",25,17,17.978743596687906,"{0: 8, 1: 0, 2: 0, 3: 0, 4: 0}",1
270,False,"{'a': 0.5, 'e': 0.06696800274786396}",25,14,19.260180908889925,"{0: 11, 1: 0, 2: 0, 3: 0, 4: 0}",1
271,False,"{'a': 0.5, 'e': 0.06629832272038531}",25,10,27.175186032734675,"{0: 15, 1: 0, 2: 0, 3: 0, 4: 0}",1
272,False,"{'a': 0.5, 'e': 0.06563533949318147}",20,8,1.93497997404987,"{0: 10, 1: 1, 2: 1, 3: 0, 4: 0}",1
273,False,"{'a': 0.5, 'e': 0.06497898609824965}",25,16,16.115032534835375,"{0: 9, 1: 0, 2: 0, 3: 0, 4: 0}",1
274,False,"{'a': 0.5, 'e': 0.06432919623726716}",20,12,15.038899679502261,"{0: 8, 1: 0, 2: 0, 3: 0, 4: 0}",1
275,False,"{'a': 0.5, 'e': 0.06368590427489448}",20,14,9.752601616872521,"{0: 6, 1: 0, 2: 0, 3: 0, 4: 0}",1
276,False,"{'a': 0.5, 'e': 0.06304904523214554}",30,18,22.377606523636715,"{0: 12, 1: 0, 2: 0, 3: 0, 4: 0}",1
277,False,"{'a': 0.5, 'e': 0.06241855477982408}",30,7,30.569426322752154,"{0: 22, 1: 0, 2: 1, 3: 0, 4: 0}",1
278,False,"{'a': 0.5, 'e': 0.06179436923202584}",25,8,14.77462652659828,"{0: 16, 1: 1, 2: 0, 3: 0, 4: 0}",1
279,False,"{'a': 0.5, 'e': 0.06117642553970558}",20,14,12.073303330201519,"{0: 6, 1: 0, 2: 0, 3: 0, 4: 0}",1
280,False,"{'a': 0.5, 'e': 0.06056466128430853}",20,11,16.689699324959214,"{0: 9, 1: 0, 2: 0, 3: 0, 4: 0}",1
281,False,"{'a': 0.5, 'e': 0.05995901467146544}",35,15,36.79769131840895,"{0: 20, 1: 0, 2: 0, 3: 0, 4: 0}",1
282,False,"{'a': 0.5, 'e': 0.059359424524750785}",20,11,17.415902146432213,"{0: 9, 1: 0, 2: 0, 3: 0, 4: 0}",1
283,False,"{'a': 0.5, 'e': 0.05876583027950327}",30,20,19.530352850448594,"{0: 10, 1: 0, 2: 0, 3: 0, 4: 0}",1
284,False,"{'a': 0.5, 'e': 0.05817817197670824}",20,0,28.41564262943557,"{0: 20, 1: 0, 2: 0, 3: 0, 4: 0}",0
285,False,"{'a': 0.5, 'e': 0.05759639025694116}",25,12,22.341642168611475,"{0: 13, 1: 0, 2: 0, 3: 0, 4: 0}",1
286,False,"{'a': 0.5, 'e': 0.057020426354371746}",20,10,5.391487913701521,"{0: 9, 1: 0, 2: 1, 3: 0, 4: 0}",1
287,False,"{'a': 0.5, 'e': 0.05645022209082803}",20,2,10.590579732651893,"{0: 16, 1: 0, 2: 2, 3: 0, 4: 0}",1
288,False,"{'a': 0.5, 'e': 0.05588571986991975}",20,12,15.417907407371851,"{0: 8, 1: 0, 2: 0, 3: 0, 4: 0}",1
289,False,"{'a': 0.5, 'e': 0.05532686267122055}",35,25,18.436629348801894,"{0: 10, 1: 0, 2: 0, 3: 0, 4: 0}",1
290,False,"{'a': 0.5, 'e': 0.05477359404450834}",20,0,-29.896782279770985,"{0: 18, 1: 0, 2: 1, 3: 0, 4: 1}",1
291,False,"{'a': 0.5, 'e': 0.05422585810406326}",25,5,33.29755510340581,"{0: 20, 1: 0, 2: 0, 3: 0, 4: 0}",1
292,False,"{'a': 0.5, 'e': 0.05368359952302263}",20,11,16.3919987380357,"{0: 9, 1: 0, 2: 0, 3: 0, 4: 0}",1
293,False,"{'a': 0.5, 'e': 0.0531467635277924}",20,2,28.203224865553157,"{0: 18, 1: 0, 2: 0, 3: 0, 4: 0}",1
294,False,"{'a': 0.5, 'e': 0.05261529589251448}",20,9,21.871666021175592,"{0: 11, 1: 0, 2: 0, 3: 0, 4: 0}",1
295,False,"{'a': 0.5, 'e': 0.05208914293358933}",20,16,9.538744540308954,"{0: 4, 1: 0, 2: 0, 3: 0, 4: 0}",1
296,False,"{'a': 0.5, 'e': 0.05156825150425344}",35,23,21.78719366512677,"{0: 12, 1: 0, 2: 0, 3: 0, 4: 0}",1
297,False,"{'a': 0.5, 'e': 0.0510525689892109}",25,11,24.50072115101807,"{0: 14, 1: 0, 2: 0, 3: 0, 4: 0}",1
298,False,"{'a': 0.5, 'e': 0.050542043299318794}",25,8,27.24000229156832,"{0: 17, 1: 0, 2: 0, 3: 0, 4: 0}",1
299,False,"{'a': 0.5, 'e': 0.050036622866325604}",25,19,13.076819833172902,"{0: 6, 1: 0, 2: 0, 3: 0, 4: 0}",1
300,False,"{'a': 0.5, 'e': 0.04953625663766235}",25,12,24.36563035103793,"{0: 13, 1: 0, 2: 0, 3: 0, 4: 0}",1
301,False,"{'a': 0.5, 'e': 0.04904089407128572}",35,25,16.83093917920652,"{0: 10, 1: 0, 2: 0, 3: 0, 4: 0}",1
302,False,"{'a': 0.5, 'e': 0.04855048513057287}",30,13,29.032903563341613,"{0: 17, 1: 0, 2: 0, 3: 0, 4: 0}",1
303,False,"{'a': 0.5, 'e': 0.04806498027926714}",30,12,-15.622047117584462,"{0: 16, 1: 0, 2: 1, 3: 0, 4: 1}",1
304,False,"{'a': 0.5, 'e': 0.047584330476474465}",20,10,19.123299504243096,"{0: 10, 1: 0, 2: 0, 3: 0, 4: 0}",1
305,False,"{'a': 0.5, 'e': 0.04710848717170972}",25,15,22.276814522064125,"{0: 10, 1: 0, 2: 0, 3: 0, 4: 0}",1
306,False,"{'a': 0.5, 'e': 0.04663740229999262}",20,12,13.253841351565185,"{0: 8, 1: 0, 2: 0, 3: 0, 4: 0}",1
307,False,"{'a': 0.5, 'e': 0.046171028276992696}",20,8,17.82690862424482,"{0: 12, 1: 0, 2: 0, 3: 0, 4: 0}",1
308,False,"{'a': 0.5, 'e': 0.045709317994222766}",30,17,23.60130243044003,"{0: 13, 1: 0, 2: 0, 3: 0, 4: 0}",1
309,False,"{'a': 0.5, 'e': 0.04525222481428054}",25,12,20.75704722869211,"{0: 13, 1: 0, 2: 0, 3: 0, 4: 0}",1
310,False,"{'a': 0.5, 'e': 0.04479970256613774}",20,10,7.886569449667251,"{0: 9, 1: 0, 2: 1, 3: 0, 4: 0}",1
311,False,"{'a': 0.5, 'e': 0.044351705540476356}",20,6,21.160219162644577,"{0: 14, 1: 0, 2: 0, 3: 0, 4: 0}",1
312,False,"{'a': 0.5, 'e': 0.043908188485071595}",20,14,11.37760103179603,"{0: 6, 1: 0, 2: 0, 3: 0, 4: 0}",1
313,False,"{'a': 0.5, 'e': 0.04346910660022087}",20,10,9.093374578586044,"{0: 9, 1: 1, 2: 0, 3: 0, 4: 0}",1
314,False,"{'a': 0.5, 'e': 0.04303441553421867}",25,19,10.692926447007672,"{0: 6, 1: 0, 2: 0, 3: 0, 4: 0}",1
315,False,"{'a': 0.5, 'e': 0.04260407137887648}",30,23,11.987443498847203,"{0: 7, 1: 0, 2: 0, 3: 0, 4: 0}",1
316,False,"{'a': 0.5, 'e': 0.04217803066508771}",20,11,19.395225105289143,"{0: 9, 1: 0, 2: 0, 3: 0, 4: 0}",1
317,False,"{'a': 0.5, 'e': 0.04175625035843684}",20,10,19.54556145558098,"{0: 10, 1: 0, 2: 0, 3: 0, 4: 0}",1
318,False,"{'a': 0.5, 'e': 0.041338687854852466}",25,3,33.79035351877306,"{0: 22, 1: 0, 2: 0, 3: 0, 4: 0}",1
319,False,"{'a': 0.5, 'e': 0.040925300976303945}",20,10,16.73470609295598,"{0: 10, 1: 0, 2: 0, 3: 0, 4: 0}",1
320,False,"{'a': 0.5, 'e': 0.0405160479665409}",25,10,29.276780099527624,"{0: 15, 1: 0, 2: 0, 3: 0, 4: 0}",1
321,False,"{'a': 0.5, 'e': 0.040110887486875496}",20,11,15.617728678025257,"{0: 9, 1: 0, 2: 0, 3: 0, 4: 0}",1
322,False,"{'a': 0.5, 'e': 0.03970977861200674}",20,11,18.36147502973019,"{0: 9, 1: 0, 2: 0, 3: 0, 4: 0}",1
323,False,"{'a': 0.5, 'e': 0.039312680825886674}",20,15,8.742160151107202,"{0: 5, 1: 0, 2: 0, 3: 0, 4: 0}",1
324,False,"{'a': 0.5, 'e': 0.038919554017627804}",20,12,17.486835809938786,"{0: 8, 1: 0, 2: 0, 3: 0, 4: 0}",1
325,False,"{'a': 0.5, 'e': 0.03853035847745152}",35,26,14.405013047706777,"{0: 9, 1: 0, 2: 0, 3: 0, 4: 0}",1
326,False,"{'a': 0.5, 'e': 0.03814505489267701}",20,10,13.407132506161457,"{0: 10, 1: 0, 2: 0, 3: 0, 4: 0}",1
327,False,"{'a': 0.5, 'e': 0.03776360434375024}",30,23,12.709221339911636,"{0: 7, 1: 0, 2: 0, 3: 0, 4: 0}",1
328,False,"{'a': 0.5, 'e': 0.03738596830031274}",25,13,28.592488069912697,"{0: 12, 1: 0, 2: 0, 3: 0, 4: 0}",1
329,False,"{'a': 0.5, 'e': 0.03701210861730961}",25,18,8.192688227359866,"{0: 6, 1: 1, 2: 0, 3: 0, 4: 0}",1
330,False,"{'a': 0.5, 'e': 0.03664198753113651}",25,14,20.045726403671825,"{0: 11, 1: 0, 2: 0, 3: 0, 4: 0}",1
331,False,"{'a': 0.5, 'e': 0.036275567655825146}",20,12,11.378876292158967,"{0: 8, 1: 0, 2: 0, 3: 0, 4: 0}",1
332,False,"{'a': 0.5, 'e': 0.03591281197926689}",25,15,19.09398321436377,"{0: 10, 1: 0, 2: 0, 3: 0, 4: 0}",1
333,False,"{'a': 0.5, 'e': 0.035553683859474224}",20,12,13.410635113941828,"{0: 8, 1: 0, 2: 0, 3: 0, 4: 0}",1
334,False,"{'a': 0.5, 'e': 0.035198147020879485}",35,21,27.716667431213626,"{0: 14, 1: 0, 2: 0, 3: 0, 4: 0}",1
335,False,"{'a': 0.5, 'e': 0.03484616555067069}",25,20,9.68579941646205,"{0: 5, 1: 0, 2: 0, 3: 0, 4: 0}",1
336,False,"{'a': 0.5, 'e': 0.03449770389516398}",25,8,27.46514905283027,"{0: 17, 1: 0, 2: 0, 3: 0, 4: 0}",1
337,False,"{'a': 0.5, 'e': 0.03415272685621234}",20,12,16.688089850445948,"{0: 8, 1: 0, 2: 0, 3: 0, 4: 0}",1
338,False,"{'a': 0.5, 'e': 0.03381119958765022}",20,10,18.699132939113518,"{0: 10, 1: 0, 2: 0, 3: 0, 4: 0}",1
339,False,"{'a': 0.5, 'e': 0.03347308759177372}",30,18,20.158337285213836,"{0: 12, 1: 0, 2: 0, 3: 0, 4: 0}",1
340,False,"{'a': 0.5, 'e': 0.03313835671585598}",25,17,16.860943282126104,"{0: 8, 1: 0, 2: 0, 3: 0, 4: 0}",1
341,False,"{'a': 0.5, 'e': 0.03280697314869742}",20,11,15.950916925453962,"{0: 9, 1: 0, 2: 0, 3: 0, 4: 0}",1
342,False,"{'a': 0.5, 'e': 0.03247890341721044}",20,16,5.735713232326547,"{0: 4, 1: 0, 2: 0, 3: 0, 4: 0}",1
343,False,"{'a': 0.5, 'e': 0.03215411438303834}",20,8,24.181438587313583,"{0: 12, 1: 0, 2: 0, 3: 0, 4: 0}",1
344,False,"{'a': 0.5, 'e': 0.031832573239207955}",20,15,9.788629635196145,"{0: 5, 1: 0, 2: 0, 3: 0, 4: 0}",1
345,False,"{'a': 0.5, 'e': 0.031514247506815876}",30,14,28.793922863888213,"{0: 16, 1: 0, 2: 0, 3: 0, 4: 0}",1
346,False,"{'a': 0.5, 'e': 0.031199105031747717}",20,11,19.41217673185864,"{0: 9, 1: 0, 2: 0, 3: 0, 4: 0}",1
347,False,"{'a': 0.5, 'e': 0.03088711398143024}",25,15,19.294099545358666,"{0: 10, 1: 0, 2: 0, 3: 0, 4: 0}",1
348,False,"{'a': 0.5, 'e': 0.030578242841615935}",20,6,14.969732234867617,"{0: 13, 1: 0, 2: 1, 3: 0, 4: 0}",1
349,False,"{'a': 0.5, 'e': 0.030272460413199778}",25,11,27.851947994279033,"{0: 14, 1: 0, 2: 0, 3: 0, 4: 0}",1
350,False,"{'a': 0.5, 'e': 0.02996973580906778}",20,15,11.698365012831712,"{0: 5, 1: 0, 2: 0, 3: 0, 4: 0}",1
351,False,"{'a': 0.5, 'e': 0.029670038450977102}",20,5,24.729020175268154,"{0: 15, 1: 0, 2: 0, 3: 0, 4: 0}",1
352,False,"{'a': 0.5, 'e': 0.02937333806646733}",20,6,27.242056280440977,"{0: 14, 1: 0, 2: 0, 3: 0, 4: 0}",1
353,False,"{'a': 0.5, 'e': 0.029079604685802656}",35,22,-5.202800132290891,"{0: 11, 1: 1, 2: 0, 3: 1, 4: 0}",1
354,False,"{'a': 0.5, 'e': 0.02878880863894463}",25,14,18.70717343433938,"{0: 11, 1: 0, 2: 0, 3: 0, 4: 0}",1
355,False,"{'a': 0.5, 'e': 0.02850092055255518}",30,19,18.876760086872395,"{0: 11, 1: 0, 2: 0, 3: 0, 4: 0}",1
356,False,"{'a': 0.5, 'e': 0.02821591134702963}",30,15,29.485847329753167,"{0: 15, 1: 0, 2: 0, 3: 0, 4: 0}",1
357,False,"{'a': 0.5, 'e': 0.027933752233559334}",25,13,23.098549208966993,"{0: 12, 1: 0, 2: 0, 3: 0, 4: 0}",1
358,False,"{'a': 0.5, 'e': 0.027654414711223742}",30,21,17.15645343210619,"{0: 9, 1: 0, 2: 0, 3: 0, 4: 0}",1
359,False,"{'a': 0.5, 'e': 0.027377870564111503}",25,12,23.964228517050742,"{0: 13, 1: 0, 2: 0, 3: 0, 4: 0}",1
360,False,"{'a': 0.5, 'e': 0.02710409185847039}",25,13,25.171947377358862,"{0: 12, 1: 0, 2: 0, 3: 0, 4: 0}",1
361,False,"{'a': 0.5, 'e': 0.026833050939885684}",30,15,24.92539817316428,"{0: 14, 1: 1, 2: 0, 3: 0, 4: 0}",1
362,False,"{'a': 0.5, 'e': 0.026564720430486827}",20,14,8.705405115679493,"{0: 6, 1: 0, 2: 0, 3: 0, 4: 0}",1
363,False,"{'a': 0.5, 'e': 0.026299073226181958}",35,19,25.725605223002283,"{0: 16, 1: 0, 2: 0, 3: 0, 4: 0}",1
364,False,"{'a': 0.5, 'e': 0.026036082493920136}",20,15,8.782887241181035,"{0: 5, 1: 0, 2: 0, 3: 0, 4: 0}",1
365,False,"{'a': 0.5, 'e': 0.025775721668980935}",30,3,39.675720658450075,"{0: 27, 1: 0, 2: 0, 3: 0, 4: 0}",1
366,False,"{'a': 0.5, 'e': 0.025517964452291125}",25,7,35.95844380971775,"{0: 18, 1: 0, 2: 0, 3: 0, 4: 0}",1
367,False,"{'a': 0.5, 'e': 0.025262784807768213}",25,11,24.55367565091619,"{0: 14, 1: 0, 2: 0, 3: 0, 4: 0}",1
368,False,"{'a': 0.5, 'e': 0.025010156959690534}",20,9,7.825221496784195,"{0: 10, 1: 0, 2: 1, 3: 0, 4: 0}",1
369,False,"{'a': 0.5, 'e': 0.024760055390093627}",25,11,27.305218023928052,"{0: 14, 1: 0, 2: 0, 3: 0, 4: 0}",1
370,False,"{'a': 0.5, 'e': 0.02451245483619269}",25,1,29.980380136638264,"{0: 23, 1: 1, 2: 0, 3: 0, 4: 0}",1
371,False,"{'a': 0.5, 'e': 0.024267330287830763}",25,2,40.219465952718195,"{0: 23, 1: 0, 2: 0, 3: 0, 4: 0}",1
372,False,"{'a': 0.5, 'e': 0.024024656984952455}",20,12,15.015410198498794,"{0: 8, 1: 0, 2: 0, 3: 0, 4: 0}",1
373,False,"{'a': 0.5, 'e': 0.02378441041510293}",20,12,12.546451697343416,"{0: 8, 1: 0, 2: 0, 3: 0, 4: 0}",1
374,False,"{'a': 0.5, 'e': 0.0235465663109519}",30,22,15.272027036423639,"{0: 8, 1: 0, 2: 0, 3: 0, 4: 0}",1
375,False,"{'a': 0.5, 'e': 0.02331110064784238}",25,20,9.397917608080753,"{0: 5, 1: 0, 2: 0, 3: 0, 4: 0}",1
376,False,"{'a': 0.5, 'e': 0.02307798964136396}",25,10,14.995364467010731,"{0: 14, 1: 0, 2: 1, 3: 0, 4: 0}",1
377,False,"{'a': 0.5, 'e': 0.022847209744950317}",20,2,32.74128366506494,"{0: 18, 1: 0, 2: 0, 3: 0, 4: 0}",1
378,False,"{'a': 0.5, 'e': 0.022618737647500813}",30,16,26.393049357083257,"{0: 14, 1: 0, 2: 0, 3: 0, 4: 0}",1
379,False,"{'a': 0.5, 'e': 0.022392550271025807}",20,15,7.089764810917994,"{0: 5, 1: 0, 2: 0, 3: 0, 4: 0}",1
380,False,"{'a': 0.5, 'e': 0.022168624768315548}",30,7,-8.50173706992161,"{0: 22, 1: 0, 2: 0, 3: 0, 4: 1}",1
381,False,"{'a': 0.5, 'e': 0.021946938520632394}",20,16,8.044817646083771,"{0: 4, 1: 0, 2: 0, 3: 0, 4: 0}",1
382,False,"{'a': 0.5, 'e': 0.02172746913542607}",30,8,40.5734019372935,"{0: 22, 1: 0, 2: 0, 3: 0, 4: 0}",1
383,False,"{'a': 0.5, 'e': 0.021510194444071807}",25,12,26.333376953125942,"{0: 13, 1: 0, 2: 0, 3: 0, 4: 0}",1
384,False,"{'a': 0.5, 'e': 0.021295092499631088}",20,5,12.223346902643422,"{0: 14, 1: 0, 2: 1, 3: 0, 4: 0}",1
385,False,"{'a': 0.5, 'e': 0.02108214157463478}",25,15,22.598303371029225,"{0: 10, 1: 0, 2: 0, 3: 0, 4: 0}",1
386,False,"{'a': 0.5, 'e': 0.02087132015888843}",30,22,14.736580515074557,"{0: 8, 1: 0, 2: 0, 3: 0, 4: 0}",1
387,False,"{'a': 0.5, 'e': 0.020662606957299545}",25,19,11.054190199784665,"{0: 6, 1: 0, 2: 0, 3: 0, 4: 0}",1
388,False,"{'a': 0.5, 'e': 0.02045598088772655}",20,7,25.40602423215624,"{0: 13, 1: 0, 2: 0, 3: 0, 4: 0}",1
389,False,"{'a': 0.5, 'e': 0.020251421078849283}",20,0,27.577122824434362,"{0: 20, 1: 0, 2: 0, 3: 0, 4: 0}",0
390,False,"{'a': 0.5, 'e': 0.02004890686806079}",25,17,14.461223389687294,"{0: 8, 1: 0, 2: 0, 3: 0, 4: 0}",1
391,False,"{'a': 0.5, 'e': 0.019848417799380184}",25,8,33.98267815900428,"{0: 17, 1: 0, 2: 0, 3: 0, 4: 0}",1
392,False,"{'a': 0.5, 'e': 0.01964993362138638}",30,19,19.8217380495391,"{0: 11, 1: 0, 2: 0, 3: 0, 4: 0}",1
393,False,"{'a': 0.5, 'e': 0.019453434285172516}",35,18,31.747796218710345,"{0: 17, 1: 0, 2: 0, 3: 0, 4: 0}",1
394,False,"{'a': 0.5, 'e': 0.01925889994232079}",25,15,18.628424693572125,"{0: 10, 1: 0, 2: 0, 3: 0, 4: 0}",1
395,False,"{'a': 0.5, 'e': 0.019066310942897582}",20,10,17.480561632740528,"{0: 10, 1: 0, 2: 0, 3: 0, 4: 0}",1
396,False,"{'a': 0.5, 'e': 0.01887564783346861}",25,9,29.4157359126045,"{0: 16, 1: 0, 2: 0, 3: 0, 4: 0}",1
397,False,"{'a': 0.5, 'e': 0.018686891355133923}",25,14,18.900082641440967,"{0: 11, 1: 0, 2: 0, 3: 0, 4: 0}",1
398,False,"{'a': 0.5, 'e': 0.01850002244158258}",25,11,22.805547976138364,"{0: 14, 1: 0, 2: 0, 3: 0, 4: 0}",1
399,False,"{'a': 0.5, 'e': 0.018315022217166757}",25,6,30.25378148145976,"{0: 19, 1: 0, 2: 0, 3: 0, 4: 0}",1
400,False,"{'a': 0.5, 'e': 0.018131871994995087}",25,16,4.715548985888908,"{0: 8, 1: 0, 2: 1, 3: 0, 4: 0}",1
401,False,"{'a': 0.5, 'e': 0.017950553275045137}",20,14,10.734868913346697,"{0: 6, 1: 0, 2: 0, 3: 0, 4: 0}",1
402,False,"{'a': 0.5, 'e': 0.017771047742294686}",20,13,14.447939216883988,"{0: 7, 1: 0, 2: 0, 3: 0, 4: 0}",1
403,False,"{'a': 0.5, 'e': 0.01759333726487174}",25,16,8.861582788779028,"{0: 8, 1: 1, 2: 0, 3: 0, 4: 0}",1
404,False,"{'a': 0.5, 'e': 0.017417403892223023}",20,15,11.043487148729794,"{0: 5, 1: 0, 2: 0, 3: 0, 4: 0}",1
405,False,"{'a': 0.5, 'e': 0.01724322985330079}",20,13,13.006564869756819,"{0: 7, 1: 0, 2: 0, 3: 0, 4: 0}",1
406,False,"{'a': 0.5, 'e': 0.017070797554767782}",30,16,24.936192676116036,"{0: 14, 1: 0, 2: 0, 3: 0, 4: 0}",1
407,False,"{'a': 0.5, 'e': 0.016900089579220106}",20,15,7.55544992752643,"{0: 5, 1: 0, 2: 0, 3: 0, 4: 0}",1
408,False,"{'a': 0.5, 'e': 0.016731088683427903}",20,12,15.599289059765354,"{0: 8, 1: 0, 2: 0, 3: 0, 4: 0}",1
409,False,"{'a': 0.5, 'e': 0.016563777796593626}",30,19,25.822604612006756,"{0: 11, 1: 0, 2: 0, 3: 0, 4: 0}",1
410,False,"{'a': 0.5, 'e': 0.016398140018627688}",20,12,13.759220970063936,"{0: 8, 1: 0, 2: 0, 3: 0, 4: 0}",1
411,False,"{'a': 0.5, 'e': 0.01623415861844141}",20,2,32.26459804050445,"{0: 18, 1: 0, 2: 0, 3: 0, 4: 0}",1
412,False,"{'a': 0.5, 'e': 0.016071817032256998}",25,16,19.316282722598157,"{0: 9, 1: 0, 2: 0, 3: 0, 4: 0}",1
413,False,"{'a': 0.5, 'e': 0.015911098861934425}",35,22,15.52623678698224,"{0: 12, 1: 0, 2: 1, 3: 0, 4: 0}",1
414,False,"{'a': 0.5, 'e': 0.015751987873315082}",25,13,20.73220384261636,"{0: 12, 1: 0, 2: 0, 3: 0, 4: 0}",1
415,False,"{'a': 0.5, 'e': 0.015594467994581931}",20,0,28.22390192755501,"{0: 20, 1: 0, 2: 0, 3: 0, 4: 0}",0
416,False,"{'a': 0.5, 'e': 0.015438523314636111}",25,17,13.161302476095079,"{0: 8, 1: 0, 2: 0, 3: 0, 4: 0}",1
417,False,"{'a': 0.5, 'e': 0.01528413808148975}",20,8,24.05761829261332,"{0: 12, 1: 0, 2: 0, 3: 0, 4: 0}",1
418,False,"{'a': 0.5, 'e': 0.015131296700674854}",25,3,37.3094907980141,"{0: 22, 1: 0, 2: 0, 3: 0, 4: 0}",1
419,False,"{'a': 0.5, 'e': 0.014979983733668104}",20,6,25.481641943666023,"{0: 14, 1: 0, 2: 0, 3: 0, 4: 0}",1
420,False,"{'a': 0.5, 'e': 0.014830183896331423}",20,15,8.628329316932653,"{0: 5, 1: 0, 2: 0, 3: 0, 4: 0}",1
421,False,"{'a': 0.5, 'e': 0.014681882057368109}",25,13,20.304481931456046,"{0: 12, 1: 0, 2: 0, 3: 0, 4: 0}",1
422,False,"{'a': 0.5, 'e': 0.014535063236794427}",25,11,24.395455614305735,"{0: 14, 1: 0, 2: 0, 3: 0, 4: 0}",1
423,False,"{'a': 0.5, 'e': 0.014389712604426484}",30,20,16.316015501643314,"{0: 10, 1: 0, 2: 0, 3: 0, 4: 0}",1
424,False,"{'a': 0.5, 'e': 0.014245815478382218}",20,16,8.284477824353967,"{0: 4, 1: 0, 2: 0, 3: 0, 4: 0}",1
425,False,"{'a': 0.5, 'e': 0.014103357323598397}",25,18,13.094596484484722,"{0: 7, 1: 0, 2: 0, 3: 0, 4: 0}",1
426,False,"{'a': 0.5, 'e': 0.013962323750362412}",25,16,17.65855868749987,"{0: 9, 1: 0, 2: 0, 3: 0, 4: 0}",1
427,False,"{'a': 0.5, 'e': 0.013822700512858787}",25,0,41.06127023042781,"{0: 25, 1: 0, 2: 0, 3: 0, 4: 0}",0
428,False,"{'a': 0.5, 'e': 0.013684473507730199}",20,9,19.764955393849785,"{0: 11, 1: 0, 2: 0, 3: 0, 4: 0}",1
429,False,"{'a': 0.5, 'e': 0.013547628772652897}",25,13,25.021803796607742,"{0: 12, 1: 0, 2: 0, 3: 0, 4: 0}",1
430,False,"{'a': 0.5, 'e': 0.013412152484926368}",20,9,19.280326216579137,"{0: 11, 1: 0, 2: 0, 3: 0, 4: 0}",1
431,False,"{'a': 0.5, 'e': 0.013278030960077104}",30,16,25.51238553664355,"{0: 14, 1: 0, 2: 0, 3: 0, 4: 0}",1
432,False,"{'a': 0.5, 'e': 0.013145250650476333}",25,19,13.511507646733925,"{0: 6, 1: 0, 2: 0, 3: 0, 4: 0}",1
433,False,"{'a': 0.5, 'e': 0.01301379814397157}",20,11,21.5873882330202,"{0: 9, 1: 0, 2: 0, 3: 0, 4: 0}",1
434,False,"{'a': 0.5, 'e': 0.012883660162531854}",25,16,19.5613506251829,"{0: 9, 1: 0, 2: 0, 3: 0, 4: 0}",1
435,False,"{'a': 0.5, 'e': 0.012754823560906535}",25,11,27.671434143721587,"{0: 14, 1: 0, 2: 0, 3: 0, 4: 0}",1
436,False,"{'a': 0.5, 'e': 0.01262727532529747}",20,16,9.753022565802366,"{0: 4, 1: 0, 2: 0, 3: 0, 4: 0}",1
437,False,"{'a': 0.5, 'e': 0.012501002572044496}",20,14,10.821286948093908,"{0: 6, 1: 0, 2: 0, 3: 0, 4: 0}",1
438,False,"{'a': 0.5, 'e': 0.01237599254632405}",35,13,42.8080556322494,"{0: 22, 1: 0, 2: 0, 3: 0, 4: 0}",1
439,False,"{'a': 0.5, 'e': 0.012252232620860809}",20,14,10.887361294757422,"{0: 6, 1: 0, 2: 0, 3: 0, 4: 0}",1
440,False,"{'a': 0.5, 'e': 0.012129710294652202}",30,21,16.481516586769978,"{0: 9, 1: 0, 2: 0, 3: 0, 4: 0}",1
441,False,"{'a': 0.5, 'e': 0.01200841319170568}",20,8,-20.82607469448264,"{0: 11, 1: 0, 2: 0, 3: 0, 4: 1}",1
442,False,"{'a': 0.5, 'e': 0.011888329059788622}",35,19,31.50608346098898,"{0: 16, 1: 0, 2: 0, 3: 0, 4: 0}",1
443,False,"{'a': 0.5, 'e': 0.011769445769190735}",30,19,16.111022908023582,"{0: 11, 1: 0, 2: 0, 3: 0, 4: 0}",1
444,False,"{'a': 0.5, 'e': 0.011651751311498829}",20,6,24.059338619822903,"{0: 14, 1: 0, 2: 0, 3: 0, 4: 0}",1
445,False,"{'a': 0.5, 'e': 0.01153523379838384}",25,13,25.781106004051427,"{0: 12, 1: 0, 2: 0, 3: 0, 4: 0}",1
446,False,"{'a': 0.5, 'e': 0.011419881460400001}",20,5,28.78097853402334,"{0: 15, 1: 0, 2: 0, 3: 0, 4: 0}",1
447,False,"{'a': 0.5, 'e': 0.011305682645796001}",20,9,18.866119558146185,"{0: 11, 1: 0, 2: 0, 3: 0, 4: 0}",1
448,False,"{'a': 0.5, 'e': 0.011192625819338041}",20,14,12.091603623245206,"{0: 6, 1: 0, 2: 0, 3: 0, 4: 0}",1
449,False,"{'a': 0.5, 'e': 0.011080699561144661}",30,15,26.59630161968839,"{0: 15, 1: 0, 2: 0, 3: 0, 4: 0}",1
450,False,"{'a': 0.5, 'e': 0.010969892565533214}",30,12,34.11671903894577,"{0: 18, 1: 0, 2: 0, 3: 0, 4: 0}",1
451,False,"{'a': 0.5, 'e': 0.010860193639877882}",25,13,24.801953113100026,"{0: 12, 1: 0, 2: 0, 3: 0, 4: 0}",1
452,False,"{'a': 0.5, 'e': 0.010751591703479103}",20,10,18.04634130944947,"{0: 10, 1: 0, 2: 0, 3: 0, 4: 0}",1
453,False,"{'a': 0.5, 'e': 0.010644075786444312}",20,15,9.801337368354963,"{0: 5, 1: 0, 2: 0, 3: 0, 4: 0}",1
454,False,"{'a': 0.5, 'e': 0.01053763502857987}",25,18,14.871852154131606,"{0: 7, 1: 0, 2: 0, 3: 0, 4: 0}",1
455,False,"{'a': 0.5, 'e': 0.01043225867829407}",20,8,18.095758009550252,"{0: 12, 1: 0, 2: 0, 3: 0, 4: 0}",1
456,False,"{'a': 0.5, 'e': 0.01032793609151113}",30,17,27.17196067725705,"{0: 13, 1: 0, 2: 0, 3: 0, 4: 0}",1
457,False,"{'a': 0.5, 'e': 0.010224656730596018}",20,6,22.777353110460776,"{0: 14, 1: 0, 2: 0, 3: 0, 4: 0}",1
458,False,"{'a': 0.5, 'e': 0.010122410163290057}",20,13,15.023253980652502,"{0: 7, 1: 0, 2: 0, 3: 0, 4: 0}",1
459,False,"{'a': 0.5, 'e': 0.010021186061657156}",30,7,39.60658836878014,"{0: 23, 1: 0, 2: 0, 3: 0, 4: 0}",1
460,False,"{'a': 0.5, 'e': 0.009920974201040586}",20,14,8.89885795102165,"{0: 6, 1: 0, 2: 0, 3: 0, 4: 0}",1
461,False,"{'a': 0.5, 'e': 0.009821764459030179}",20,12,17.384524316374492,"{0: 8, 1: 0, 2: 0, 3: 0, 4: 0}",1
462,False,"{'a': 0.5, 'e': 0.009723546814439878}",25,14,23.930668716203073,"{0: 11, 1: 0, 2: 0, 3: 0, 4: 0}",1
463,False,"{'a': 0.5, 'e': 0.009626311346295479}",20,1,34.18118472190768,"{0: 19, 1: 0, 2: 0, 3: 0, 4: 0}",1
464,False,"{'a': 0.5, 'e': 0.009530048232832523}",30,16,15.528547323942988,"{0: 13, 1: 0, 2: 1, 3: 0, 4: 0}",1
465,False,"{'a': 0.5, 'e': 0.009434747750504199}",30,12,32.189089337872744,"{0: 18, 1: 0, 2: 0, 3: 0, 4: 0}",1
466,False,"{'a': 0.5, 'e': 0.009340400272999157}",20,13,13.627851604055003,"{0: 7, 1: 0, 2: 0, 3: 0, 4: 0}",1
467,False,"{'a': 0.5, 'e': 0.009246996270269165}",25,16,18.54520095141085,"{0: 9, 1: 0, 2: 0, 3: 0, 4: 0}",1
468,False,"{'a': 0.5, 'e': 0.009154526307566474}",20,11,17.382049918314042,"{0: 9, 1: 0, 2: 0, 3: 0, 4: 0}",1
469,False,"{'a': 0.5, 'e': 0.009062981044490808}",25,8,20.982464003991463,"{0: 16, 1: 0, 2: 1, 3: 0, 4: 0}",1
470,False,"{'a': 0.5, 'e': 0.0089723512340459}",25,14,23.82205628764792,"{0: 11, 1: 0, 2: 0, 3: 0, 4: 0}",1
471,False,"{'a': 0.5, 'e': 0.00888262772170544}",25,12,24.31453408609519,"{0: 13, 1: 0, 2: 0, 3: 0, 4: 0}",1
472,False,"{'a': 0.5, 'e': 0.008793801444488386}",25,11,25.43351975109698,"{0: 14, 1: 0, 2: 0, 3: 0, 4: 0}",1
473,False,"{'a': 0.5, 'e': 0.008705863430043502}",20,6,18.737549173830605,"{0: 14, 1: 0, 2: 0, 3: 0, 4: 0}",1
474,False,"{'a': 0.5, 'e': 0.008618804795743068}",20,16,10.114418517996855,"{0: 4, 1: 0, 2: 0, 3: 0, 4: 0}",1
475,False,"{'a': 0.5, 'e': 0.008532616747785637}",25,15,19.32896845687196,"{0: 10, 1: 0, 2: 0, 3: 0, 4: 0}",1
476,False,"{'a': 0.5, 'e': 0.00844729058030778}",20,12,14.562186721480444,"{0: 8, 1: 0, 2: 0, 3: 0, 4: 0}",1
477,False,"{'a': 0.5, 'e': 0.008362817674504702}",25,8,29.823534079602517,"{0: 17, 1: 0, 2: 0, 3: 0, 4: 0}",1
478,False,"{'a': 0.5, 'e': 0.008279189497759656}",25,10,27.41272804639308,"{0: 15, 1: 0, 2: 0, 3: 0, 4: 0}",1
479,False,"{'a': 0.5, 'e': 0.008196397602782058}",20,5,28.12463018493356,"{0: 15, 1: 0, 2: 0, 3: 0, 4: 0}",1
480,False,"{'a': 0.5, 'e': 0.008114433626754238}",20,12,16.303978500260648,"{0: 8, 1: 0, 2: 0, 3: 0, 4: 0}",1
481,False,"{'a': 0.5, 'e': 0.008033289290486696}",20,2,28.743949377778307,"{0: 18, 1: 0, 2: 0, 3: 0, 4: 0}",1
482,False,"{'a': 0.5, 'e': 0.00795295639758183}",25,16,19.33436551701199,"{0: 9, 1: 0, 2: 0, 3: 0, 4: 0}",1
483,False,"{'a': 0.5, 'e': 0.00787342683360601}",20,6,25.147776507405137,"{0: 14, 1: 0, 2: 0, 3: 0, 4: 0}",1
484,False,"{'a': 0.5, 'e': 0.0077946925652699495}",20,16,7.2888753194057925,"{0: 4, 1: 0, 2: 0, 3: 0, 4: 0}",1
485,False,"{'a': 0.5, 'e': 0.00771674563961725}",20,15,9.74595667548703,"{0: 5, 1: 0, 2: 0, 3: 0, 4: 0}",1
486,False,"{'a': 0.5, 'e': 0.007639578183221077}",30,13,36.93647340777067,"{0: 17, 1: 0, 2: 0, 3: 0, 4: 0}",1
487,False,"{'a': 0.5, 'e': 0.0075631824013888665}",25,12,24.670510721420293,"{0: 13, 1: 0, 2: 0, 3: 0, 4: 0}",1
488,False,"{'a': 0.5, 'e': 0.0074875505773749785}",25,15,21.384744900824582,"{0: 10, 1: 0, 2: 0, 3: 0, 4: 0}",1
489,False,"{'a': 0.5, 'e': 0.007412675071601228}",25,20,11.155675071861225,"{0: 5, 1: 0, 2: 0, 3: 0, 4: 0}",1
490,False,"{'a': 0.5, 'e': 0.007338548320885216}",30,16,24.64932107946479,"{0: 14, 1: 0, 2: 0, 3: 0, 4: 0}",1
491,False,"{'a': 0.5, 'e': 0.0072651628376763635}",30,17,22.17645598795814,"{0: 13, 1: 0, 2: 0, 3: 0, 4: 0}",1
492,False,"{'a': 0.5, 'e': 0.0071925112092996}",25,7,18.934826973063565,"{0: 17, 1: 0, 2: 1, 3: 0, 4: 0}",1
493,False,"{'a': 0.5, 'e': 0.007120586097206604}",20,2,31.484542526892017,"{0: 18, 1: 0, 2: 0, 3: 0, 4: 0}",1
494,False,"{'a': 0.5, 'e': 0.007049380236234538}",20,8,24.202048778671774,"{0: 12, 1: 0, 2: 0, 3: 0, 4: 0}",1
495,False,"{'a': 0.5, 'e': 0.006978886433872193}",25,18,13.287714551504457,"{0: 7, 1: 0, 2: 0, 3: 0, 4: 0}",1
496,False,"{'a': 0.5, 'e': 0.00690909756953347}",20,1,30.90255880621152,"{0: 19, 1: 0, 2: 0, 3: 0, 4: 0}",1
497,False,"{'a': 0.5, 'e': 0.006840006593838136}",20,13,15.777295607382348,"{0: 7, 1: 0, 2: 0, 3: 0, 4: 0}",1
498,False,"{'a': 0.5, 'e': 0.006771606527899755}",25,1,32.14939508172391,"{0: 24, 1: 0, 2: 0, 3: 0, 4: 0}",1
499,False,"{'a': 0.5, 'e': 0.0067038904626207565}",20,14,13.562400276905334,"{0: 6, 1: 0, 2: 0, 3: 0, 4: 0}",1
500,False,"{'a': 0.5, 'e': 0.006636851557994549}",20,10,18.511063615866306,"{0: 10, 1: 0, 2: 0, 3: 0, 4: 0}",1
501,False,"{'a': 0.5, 'e': 0.006570483042414603}",25,11,23.123612414334218,"{0: 14, 1: 0, 2: 0, 3: 0, 4: 0}",1
502,False,"{'a': 0.5, 'e': 0.006504778211990457}",20,0,26.20752682717093,"{0: 20, 1: 0, 2: 0, 3: 0, 4: 0}",0
503,False,"{'a': 0.5, 'e': 0.006439730429870553}",25,12,21.929237998326368,"{0: 13, 1: 0, 2: 0, 3: 0, 4: 0}",1
504,False,"{'a': 0.5, 'e': 0.006375333125571847}",25,19,11.918390546180305,"{0: 6, 1: 0, 2: 0, 3: 0, 4: 0}",1
505,False,"{'a': 0.5, 'e': 0.006311579794316129}",25,7,36.84353665762788,"{0: 18, 1: 0, 2: 0, 3: 0, 4: 0}",1
506,False,"{'a': 0.5, 'e': 0.006248463996372967}",35,18,33.3554049484911,"{0: 17, 1: 0, 2: 0, 3: 0, 4: 0}",1
507,False,"{'a': 0.5, 'e': 0.0061859793564092375}",25,4,35.505080426944204,"{0: 21, 1: 0, 2: 0, 3: 0, 4: 0}",1
508,False,"{'a': 0.5, 'e': 0.006124119562845145}",20,10,21.65131245182643,"{0: 10, 1: 0, 2: 0, 3: 0, 4: 0}",1
509,False,"{'a': 0.5, 'e': 0.0060628783672166935}",30,13,34.51515288275942,"{0: 17, 1: 0, 2: 0, 3: 0, 4: 0}",1
510,False,"{'a': 0.5, 'e': 0.006002249583544526}",20,12,15.921320402264255,"{0: 8, 1: 0, 2: 0, 3: 0, 4: 0}",1
511,False,"{'a': 0.5, 'e': 0.005942227087709081}",25,18,13.928809511734405,"{0: 7, 1: 0, 2: 0, 3: 0, 4: 0}",1
512,False,"{'a': 0.5, 'e': 0.00588280481683199}",20,16,8.102005312132848,"{0: 4, 1: 0, 2: 0, 3: 0, 4: 0}",1
513,False,"{'a': 0.5, 'e': 0.005823976768663671}",25,19,-10.383069421843121,"{0: 5, 1: 0, 2: 0, 3: 1, 4: 0}",1
514,False,"{'a': 0.5, 'e': 0.0057657370009770335}",20,7,14.102370915729349,"{0: 12, 1: 0, 2: 1, 3: 0, 4: 0}",1
515,False,"{'a': 0.5, 'e': 0.005708079630967263}",25,15,15.736809283329892,"{0: 10, 1: 0, 2: 0, 3: 0, 4: 0}",1
516,False,"{'a': 0.5, 'e': 0.00565099883465759}",30,20,22.17847704059715,"{0: 10, 1: 0, 2: 0, 3: 0, 4: 0}",1
517,False,"{'a': 0.5, 'e': 0.005594488846311015}",25,12,21.22279354246078,"{0: 13, 1: 0, 2: 0, 3: 0, 4: 0}",1
518,False,"{'a': 0.5, 'e': 0.005538543957847904}",20,8,21.287223902562964,"{0: 12, 1: 0, 2: 0, 3: 0, 4: 0}",1
519,False,"{'a': 0.5, 'e': 0.005483158518269426}",20,13,14.785701008806122,"{0: 7, 1: 0, 2: 0, 3: 0, 4: 0}",1
520,False,"{'a': 0.5, 'e': 0.005428326933086731}",25,11,25.24742701975865,"{0: 14, 1: 0, 2: 0, 3: 0, 4: 0}",1
521,False,"{'a': 0.5, 'e': 0.005374043663755864}",30,13,32.099655766904526,"{0: 17, 1: 0, 2: 0, 3: 0, 4: 0}",1
522,False,"{'a': 0.5, 'e': 0.005320303227118305}",20,7,21.00463562386757,"{0: 13, 1: 0, 2: 0, 3: 0, 4: 0}",1
523,False,"{'a': 0.5, 'e': 0.005267100194847122}",25,19,10.784512780738446,"{0: 6, 1: 0, 2: 0, 3: 0, 4: 0}",1
524,False,"{'a': 0.5, 'e': 0.005214429192898651}",25,17,11.860891814271183,"{0: 8, 1: 0, 2: 0, 3: 0, 4: 0}",1
525,False,"{'a': 0.5, 'e': 0.005162284900969664}",20,14,9.895845286476794,"{0: 6, 1: 0, 2: 0, 3: 0, 4: 0}",1
526,False,"{'a': 0.5, 'e': 0.005110662051959968}",20,12,16.779376330671745,"{0: 8, 1: 0, 2: 0, 3: 0, 4: 0}",1
527,False,"{'a': 0.5, 'e': 0.005059555431440368}",30,23,13.44555923380897,"{0: 7, 1: 0, 2: 0, 3: 0, 4: 0}",1
528,False,"{'a': 0.5, 'e': 0.005008959877125964}",20,0,31.571561022198196,"{0: 20, 1: 0, 2: 0, 3: 0, 4: 0}",0
529,False,"{'a': 0.5, 'e': 0.0049588702783547045}",30,20,19.262224489048066,"{0: 10, 1: 0, 2: 0, 3: 0, 4: 0}",1
530,False,"{'a': 0.5, 'e': 0.004909281575571157}",20,8,24.883666215664345,"{0: 12, 1: 0, 2: 0, 3: 0, 4: 0}",1
531,False,"{'a': 0.5, 'e': 0.0048601887598154455}",25,16,16.288890376221875,"{0: 9, 1: 0, 2: 0, 3: 0, 4: 0}",1
532,False,"{'a': 0.5, 'e': 0.004811586872217291}",20,5,23.155341124086416,"{0: 15, 1: 0, 2: 0, 3: 0, 4: 0}",1
533,False,"{'a': 0.5, 'e': 0.004763471003495118}",25,0,37.91724451432782,"{0: 25, 1: 0, 2: 0, 3: 0, 4: 0}",0
534,False,"{'a': 0.5, 'e': 0.004715836293460167}",30,18,21.727959556579112,"{0: 12, 1: 0, 2: 0, 3: 0, 4: 0}",1
535,False,"{'a': 0.5, 'e': 0.004668677930525565}",25,13,22.815574393418874,"{0: 12, 1: 0, 2: 0, 3: 0, 4: 0}",1
536,False,"{'a': 0.5, 'e': 0.0046219911512203095}",25,7,31.761794821353323,"{0: 18, 1: 0, 2: 0, 3: 0, 4: 0}",1
537,False,"{'a': 0.5, 'e': 0.004575771239708106}",20,14,14.400064497141546,"{0: 6, 1: 0, 2: 0, 3: 0, 4: 0}",1
538,False,"{'a': 0.5, 'e': 0.004530013527311025}",20,6,25.783763306367184,"{0: 14, 1: 0, 2: 0, 3: 0, 4: 0}",1
539,False,"{'a': 0.5, 'e': 0.004484713392037915}",20,6,23.088258621907283,"{0: 14, 1: 0, 2: 0, 3: 0, 4: 0}",1
540,False,"{'a': 0.5, 'e': 0.004439866258117536}",20,12,10.521271049476425,"{0: 8, 1: 0, 2: 0, 3: 0, 4: 0}",1
541,False,"{'a': 0.5, 'e': 0.004395467595536361}",20,7,21.376137234004712,"{0: 13, 1: 0, 2: 0, 3: 0, 4: 0}",1
542,False,"{'a': 0.5, 'e': 0.0043515129195809965}",25,13,24.04821086973105,"{0: 12, 1: 0, 2: 0, 3: 0, 4: 0}",1
543,False,"{'a': 0.5, 'e': 0.004307997790385187}",20,10,15.03730303555125,"{0: 10, 1: 0, 2: 0, 3: 0, 4: 0}",1
544,False,"{'a': 0.5, 'e': 0.004264917812481335}",20,14,11.568729795559886,"{0: 6, 1: 0, 2: 0, 3: 0, 4: 0}",1
545,False,"{'a': 0.5, 'e': 0.004222268634356522}",25,20,10.180275588551087,"{0: 5, 1: 0, 2: 0, 3: 0, 4: 0}",1
546,False,"{'a': 0.5, 'e': 0.004180045948012957}",30,18,24.334367325191895,"{0: 12, 1: 0, 2: 0, 3: 0, 4: 0}",1
547,False,"{'a': 0.5, 'e': 0.004138245488532827}",20,9,20.584831307086933,"{0: 11, 1: 0, 2: 0, 3: 0, 4: 0}",1
548,False,"{'a': 0.5, 'e': 0.004096863033647498}",30,12,31.949979762187763,"{0: 18, 1: 0, 2: 0, 3: 0, 4: 0}",1
549,False,"{'a': 0.5, 'e': 0.0040558944033110235}",20,14,11.718820603228156,"{0: 6, 1: 0, 2: 0, 3: 0, 4: 0}",1
550,False,"{'a': 0.5, 'e': 0.004015335459277913}",20,16,6.775147539749419,"{0: 4, 1: 0, 2: 0, 3: 0, 4: 0}",1
551,False,"{'a': 0.5, 'e': 0.003975182104685134}",20,12,13.389008187630013,"{0: 8, 1: 0, 2: 0, 3: 0, 4: 0}",1
552,False,"{'a': 0.5, 'e': 0.003935430283638282}",25,10,27.588096656118186,"{0: 15, 1: 0, 2: 0, 3: 0, 4: 0}",1
553,False,"{'a': 0.5, 'e': 0.0038960759808018995}",30,16,28.348172218697222,"{0: 14, 1: 0, 2: 0, 3: 0, 4: 0}",1
554,False,"{'a': 0.5, 'e': 0.0038571152209938807}",30,19,21.678828812446536,"{0: 11, 1: 0, 2: 0, 3: 0, 4: 0}",1
555,False,"{'a': 0.5, 'e': 0.0038185440687839418}",20,16,8.100937599784018,"{0: 4, 1: 0, 2: 0, 3: 0, 4: 0}",1
556,False,"{'a': 0.5, 'e': 0.003780358628096102}",20,3,28.089489895120177,"{0: 17, 1: 0, 2: 0, 3: 0, 4: 0}",1
557,False,"{'a': 0.5, 'e': 0.0037425550418151415}",25,18,14.401045238151925,"{0: 7, 1: 0, 2: 0, 3: 0, 4: 0}",1
558,False,"{'a': 0.5, 'e': 0.0037051294913969897}",25,15,21.00149604975037,"{0: 10, 1: 0, 2: 0, 3: 0, 4: 0}",1
559,False,"{'a': 0.5, 'e': 0.00366807819648302}",35,26,11.575951779558377,"{0: 9, 1: 0, 2: 0, 3: 0, 4: 0}",1
560,False,"{'a': 0.5, 'e': 0.0036313974145181895}",25,13,25.75222008119752,"{0: 12, 1: 0, 2: 0, 3: 0, 4: 0}",1
561,False,"{'a': 0.5, 'e': 0.003595083440373008}",25,20,8.877256154254518,"{0: 5, 1: 0, 2: 0, 3: 0, 4: 0}",1
562,False,"{'a': 0.5, 'e': 0.003559132605969278}",20,12,17.154919340560163,"{0: 8, 1: 0, 2: 0, 3: 0, 4: 0}",1
563,False,"{'a': 0.5, 'e': 0.003523541279909585}",20,12,14.868061329690685,"{0: 8, 1: 0, 2: 0, 3: 0, 4: 0}",1
564,False,"{'a': 0.5, 'e': 0.003488305867110489}",20,12,9.727728822914738,"{0: 8, 1: 0, 2: 0, 3: 0, 4: 0}",1
565,False,"{'a': 0.5, 'e': 0.003453422808439384}",20,11,17.97429279359201,"{0: 9, 1: 0, 2: 0, 3: 0, 4: 0}",1
566,False,"{'a': 0.5, 'e': 0.0034188885803549903}",20,10,17.374225020839823,"{0: 10, 1: 0, 2: 0, 3: 0, 4: 0}",1
567,False,"{'a': 0.5, 'e': 0.0033846996945514404}",25,10,30.007191879616954,"{0: 15, 1: 0, 2: 0, 3: 0, 4: 0}",1
568,False,"{'a': 0.5, 'e': 0.003350852697605926}",20,15,9.599940730845631,"{0: 5, 1: 0, 2: 0, 3: 0, 4: 0}",1
569,False,"{'a': 0.5, 'e': 0.0033173441706298664}",20,8,23.744385084232906,"{0: 12, 1: 0, 2: 0, 3: 0, 4: 0}",1
570,False,"{'a': 0.5, 'e': 0.0032841707289235677}",25,20,9.6929756692529,"{0: 5, 1: 0, 2: 0, 3: 0, 4: 0}",1
571,False,"{'a': 0.5, 'e': 0.003251329021634332}",20,14,9.58846315274732,"{0: 6, 1: 0, 2: 0, 3: 0, 4: 0}",1
572,False,"{'a': 0.5, 'e': 0.0032188157314179885}",25,19,9.856435116932728,"{0: 6, 1: 0, 2: 0, 3: 0, 4: 0}",1
573,False,"{'a': 0.5, 'e': 0.003186627574103809}",25,10,21.327268232265624,"{0: 15, 1: 0, 2: 0, 3: 0, 4: 0}",1
574,False,"{'a': 0.5, 'e': 0.0031547612983627705}",20,13,15.344041201245265,"{0: 7, 1: 0, 2: 0, 3: 0, 4: 0}",1
575,False,"{'a': 0.5, 'e': 0.003123213685379143}",20,16,9.156802625342337,"{0: 4, 1: 0, 2: 0, 3: 0, 4: 0}",1
576,False,"{'a': 0.5, 'e': 0.0030919815485253516}",20,12,15.916174260513856,"{0: 8, 1: 0, 2: 0, 3: 0, 4: 0}",1
577,False,"{'a': 0.5, 'e': 0.003061061733040098}",25,11,27.145733526348447,"{0: 14, 1: 0, 2: 0, 3: 0, 4: 0}",1
578,False,"{'a': 0.5, 'e': 0.003030451115709697}",25,12,26.870683981118802,"{0: 13, 1: 0, 2: 0, 3: 0, 4: 0}",1
579,False,"{'a': 0.5, 'e': 0.0030001466045526}",30,16,27.811457571982775,"{0: 14, 1: 0, 2: 0, 3: 0, 4: 0}",1
580,False,"{'a': 0.5, 'e': 0.002970145138507074}",25,7,30.726367339804913,"{0: 18, 1: 0, 2: 0, 3: 0, 4: 0}",1
581,False,"{'a': 0.5, 'e': 0.002940443687122003}",20,12,12.868850840350849,"{0: 8, 1: 0, 2: 0, 3: 0, 4: 0}",1
582,False,"{'a': 0.5, 'e': 0.002911039250250783}",20,4,15.568632284541248,"{0: 15, 1: 0, 2: 1, 3: 0, 4: 0}",1
583,False,"{'a': 0.5, 'e': 0.0028819288577482754}",25,13,24.32747315054824,"{0: 12, 1: 0, 2: 0, 3: 0, 4: 0}",1
584,False,"{'a': 0.5, 'e': 0.0028531095691707925}",20,6,20.16268374020869,"{0: 14, 1: 0, 2: 0, 3: 0, 4: 0}",1
585,False,"{'a': 0.5, 'e': 0.0028245784734790844}",30,13,31.566793659325374,"{0: 17, 1: 0, 2: 0, 3: 0, 4: 0}",1
586,False,"{'a': 0.5, 'e': 0.0027963326887442937}",20,9,19.760319430889346,"{0: 11, 1: 0, 2: 0, 3: 0, 4: 0}",1
587,False,"{'a': 0.5, 'e': 0.0027683693618568506}",25,17,15.60232464303116,"{0: 8, 1: 0, 2: 0, 3: 0, 4: 0}",1
588,False,"{'a': 0.5, 'e': 0.002740685668238282}",20,13,11.85959576362311,"{0: 7, 1: 0, 2: 0, 3: 0, 4: 0}",1
589,False,"{'a': 0.5, 'e': 0.0027132788115558993}",25,6,30.822751151745997,"{0: 19, 1: 0, 2: 0, 3: 0, 4: 0}",1
590,False,"{'a': 0.5, 'e': 0.0026861460234403403}",20,16,8.001664617708652,"{0: 4, 1: 0, 2: 0, 3: 0, 4: 0}",1
591,False,"{'a': 0.5, 'e': 0.002659284563205937}",25,5,35.44749874317031,"{0: 20, 1: 0, 2: 0, 3: 0, 4: 0}",1
592,False,"{'a': 0.5, 'e': 0.0026326917175738774}",30,16,26.865439622723873,"{0: 14, 1: 0, 2: 0, 3: 0, 4: 0}",1
593,False,"{'a': 0.5, 'e': 0.0026063648003981387}",20,16,8.074932074353597,"{0: 4, 1: 0, 2: 0, 3: 0, 4: 0}",1
594,False,"{'a': 0.5, 'e': 0.0025803011523941573}",30,21,15.263684666628686,"{0: 9, 1: 0, 2: 0, 3: 0, 4: 0}",1
595,False,"{'a': 0.5, 'e': 0.0025544981408702158}",25,14,19.29227599862007,"{0: 11, 1: 0, 2: 0, 3: 0, 4: 0}",1
596,False,"{'a': 0.5, 'e': 0.0025289531594615135}",25,11,26.33591460843065,"{0: 14, 1: 0, 2: 0, 3: 0, 4: 0}",1
597,False,"{'a': 0.5, 'e': 0.0025036636278668984}",20,11,16.854042443264028,"{0: 9, 1: 0, 2: 0, 3: 0, 4: 0}",1
598,False,"{'a': 0.5, 'e': 0.0024786269915882293}",20,12,13.118752204376802,"{0: 8, 1: 0, 2: 0, 3: 0, 4: 0}",1
599,False,"{'a': 0.5, 'e': 0.002453840721672347}",20,14,11.859358283122777,"{0: 6, 1: 0, 2: 0, 3: 0, 4: 0}",1
600,False,"{'a': 0.5, 'e': 0.0024293023144556234}",20,8,20.38732356506575,"{0: 12, 1: 0, 2: 0, 3: 0, 4: 0}",1
601,False,"{'a': 0.5, 'e': 0.0024050092913110673}",20,3,32.604691349881605,"{0: 17, 1: 0, 2: 0, 3: 0, 4: 0}",1
602,False,"{'a': 0.5, 'e': 0.0023809591983979567}",20,3,36.351516083506155,"{0: 17, 1: 0, 2: 0, 3: 0, 4: 0}",1
603,False,"{'a': 0.5, 'e': 0.002357149606413977}",25,14,18.41832509179342,"{0: 11, 1: 0, 2: 0, 3: 0, 4: 0}",1
604,False,"{'a': 0.5, 'e': 0.002333578110349837}",20,12,16.552310674385424,"{0: 8, 1: 0, 2: 0, 3: 0, 4: 0}",1
605,False,"{'a': 0.5, 'e': 0.0023102423292463386}",25,11,21.482442500938003,"{0: 14, 1: 0, 2: 0, 3: 0, 4: 0}",1
606,False,"{'a': 0.5, 'e': 0.0022871399059538754}",25,11,16.778033602461658,"{0: 14, 1: 0, 2: 0, 3: 0, 4: 0}",1
607,False,"{'a': 0.5, 'e': 0.0022642685068943367}",30,22,19.316636637741883,"{0: 8, 1: 0, 2: 0, 3: 0, 4: 0}",1
608,False,"{'a': 0.5, 'e': 0.002241625821825393}",35,25,19.848609648637794,"{0: 10, 1: 0, 2: 0, 3: 0, 4: 0}",1
609,False,"{'a': 0.5, 'e': 0.0022192095636071395}",25,14,21.27027706001822,"{0: 11, 1: 0, 2: 0, 3: 0, 4: 0}",1
610,False,"{'a': 0.5, 'e': 0.002197017467971068}",20,13,13.078513000119043,"{0: 7, 1: 0, 2: 0, 3: 0, 4: 0}",1
611,False,"{'a': 0.5, 'e': 0.002175047293291357}",25,12,24.84541584175552,"{0: 13, 1: 0, 2: 0, 3: 0, 4: 0}",1
612,False,"{'a': 0.5, 'e': 0.002153296820358444}",25,17,17.390430576550564,"{0: 8, 1: 0, 2: 0, 3: 0, 4: 0}",1
613,False,"{'a': 0.5, 'e': 0.0021317638521548593}",20,5,25.067582990082535,"{0: 15, 1: 0, 2: 0, 3: 0, 4: 0}",1
614,False,"{'a': 0.5, 'e': 0.0021104462136333105}",20,16,5.432323269276089,"{0: 4, 1: 0, 2: 0, 3: 0, 4: 0}",1
615,False,"{'a': 0.5, 'e': 0.0020893417514969773}",20,16,9.293100650381207,"{0: 4, 1: 0, 2: 0, 3: 0, 4: 0}",1
616,False,"{'a': 0.5, 'e': 0.0020684483339820075}",25,18,12.03081253139001,"{0: 7, 1: 0, 2: 0, 3: 0, 4: 0}",1
617,False,"{'a': 0.5, 'e': 0.0020477638506421875}",20,13,11.588825595908958,"{0: 7, 1: 0, 2: 0, 3: 0, 4: 0}",1
618,False,"{'a': 0.5, 'e': 0.0020272862121357657}",25,10,26.983480406527374,"{0: 15, 1: 0, 2: 0, 3: 0, 4: 0}",1
619,False,"{'a': 0.5, 'e': 0.002007013350014408}",20,15,8.52232745070294,"{0: 5, 1: 0, 2: 0, 3: 0, 4: 0}",1
620,False,"{'a': 0.5, 'e': 0.0019869432165142637}",25,17,16.131738488325837,"{0: 8, 1: 0, 2: 0, 3: 0, 4: 0}",1
621,False,"{'a': 0.5, 'e': 0.001967073784349121}",30,20,19.514697279472223,"{0: 10, 1: 0, 2: 0, 3: 0, 4: 0}",1
622,False,"{'a': 0.5, 'e': 0.00194740304650563}",20,0,27.64266530464916,"{0: 20, 1: 0, 2: 0, 3: 0, 4: 0}",0
623,False,"{'a': 0.5, 'e': 0.0019279290160405737}",30,13,31.456650810126966,"{0: 17, 1: 0, 2: 0, 3: 0, 4: 0}",1
624,False,"{'a': 0.5, 'e': 0.001908649725880168}",20,12,16.437014085752793,"{0: 8, 1: 0, 2: 0, 3: 0, 4: 0}",1
625,False,"{'a': 0.5, 'e': 0.0018895632286213661}",30,10,36.91308495537486,"{0: 20, 1: 0, 2: 0, 3: 0, 4: 0}",1
626,False,"{'a': 0.5, 'e': 0.0018706675963351526}",20,13,15.549151464848405,"{0: 7, 1: 0, 2: 0, 3: 0, 4: 0}",1
627,False,"{'a': 0.5, 'e': 0.001851960920371801}",20,15,8.7893965499954,"{0: 5, 1: 0, 2: 0, 3: 0, 4: 0}",1
628,False,"{'a': 0.5, 'e': 0.001833441311168083}",30,13,27.9890476350412,"{0: 17, 1: 0, 2: 0, 3: 0, 4: 0}",1
629,False,"{'a': 0.5, 'e': 0.0018151068980564022}",30,22,12.850710784055725,"{0: 8, 1: 0, 2: 0, 3: 0, 4: 0}",1
630,False,"{'a': 0.5, 'e': 0.001796955829075838}",20,10,18.601230514644655,"{0: 10, 1: 0, 2: 0, 3: 0, 4: 0}",1
631,False,"{'a': 0.5, 'e': 0.0017789862707850797}",25,14,20.66589998242245,"{0: 11, 1: 0, 2: 0, 3: 0, 4: 0}",1
632,False,"{'a': 0.5, 'e': 0.001761196408077229}",20,14,11.72078550694629,"{0: 6, 1: 0, 2: 0, 3: 0, 4: 0}",1
633,False,"{'a': 0.5, 'e': 0.0017435844439964566}",25,16,15.96363335073078,"{0: 9, 1: 0, 2: 0, 3: 0, 4: 0}",1
634,False,"{'a': 0.5, 'e': 0.001726148599556492}",30,16,25.545164170649997,"{0: 14, 1: 0, 2: 0, 3: 0, 4: 0}",1
635,False,"{'a': 0.5, 'e': 0.001708887113560927}",20,12,16.948122382196452,"{0: 8, 1: 0, 2: 0, 3: 0, 4: 0}",1
636,False,"{'a': 0.5, 'e': 0.0016917982424253177}",20,6,26.71515078788008,"{0: 14, 1: 0, 2: 0, 3: 0, 4: 0}",1
637,False,"{'a': 0.5, 'e': 0.0016748802600010646}",30,9,40.82961172487654,"{0: 21, 1: 0, 2: 0, 3: 0, 4: 0}",1
638,False,"{'a': 0.5, 'e': 0.0016581314574010539}",20,3,23.887848614243122,"{0: 17, 1: 0, 2: 0, 3: 0, 4: 0}",1
639,False,"{'a': 0.5, 'e': 0.0016415501428270432}",25,11,28.58351871120649,"{0: 14, 1: 0, 2: 0, 3: 0, 4: 0}",1
640,False,"{'a': 0.5, 'e': 0.001625134641398773}",25,18,13.727201939787369,"{0: 7, 1: 0, 2: 0, 3: 0, 4: 0}",1
641,False,"{'a': 0.5, 'e': 0.001608883294984785}",25,11,23.497407721136238,"{0: 14, 1: 0, 2: 0, 3: 0, 4: 0}",1
642,False,"{'a': 0.5, 'e': 0.0015927944620349372}",25,12,24.064830979648853,"{0: 13, 1: 0, 2: 0, 3: 0, 4: 0}",1
643,False,"{'a': 0.5, 'e': 0.0015768665174145879}",25,16,18.198530089340743,"{0: 9, 1: 0, 2: 0, 3: 0, 4: 0}",1
644,False,"{'a': 0.5, 'e': 0.001561097852240442}",30,24,11.509058226713918,"{0: 6, 1: 0, 2: 0, 3: 0, 4: 0}",1
645,False,"{'a': 0.5, 'e': 0.0015454868737180376}",30,19,22.395490923883447,"{0: 11, 1: 0, 2: 0, 3: 0, 4: 0}",1
646,False,"{'a': 0.5, 'e': 0.0015300320049808573}",20,12,14.84112130820473,"{0: 8, 1: 0, 2: 0, 3: 0, 4: 0}",1
647,False,"{'a': 0.5, 'e': 0.0015147316849310486}",25,11,28.74153120132217,"{0: 14, 1: 0, 2: 0, 3: 0, 4: 0}",1
648,False,"{'a': 0.5, 'e': 0.001499584368081738}",25,15,19.736174853919355,"{0: 10, 1: 0, 2: 0, 3: 0, 4: 0}",1
649,False,"{'a': 0.5, 'e': 0.0014845885244009207}",25,11,23.349394181100415,"{0: 14, 1: 0, 2: 0, 3: 0, 4: 0}",1
650,False,"{'a': 0.5, 'e': 0.0014697426391569114}",20,11,15.814459943026971,"{0: 9, 1: 0, 2: 0, 3: 0, 4: 0}",1
651,False,"{'a': 0.5, 'e': 0.0014550452127653423}",20,6,24.252505630269038,"{0: 14, 1: 0, 2: 0, 3: 0, 4: 0}",1
652,False,"{'a': 0.5, 'e': 0.001440494760637689}",30,20,18.764336716675377,"{0: 10, 1: 0, 2: 0, 3: 0, 4: 0}",1
653,False,"{'a': 0.5, 'e': 0.001426089813031312}",20,9,18.99733329151559,"{0: 11, 1: 0, 2: 0, 3: 0, 4: 0}",1
654,False,"{'a': 0.5, 'e': 0.0014118289149009989}",20,10,17.942960931817534,"{0: 10, 1: 0, 2: 0, 3: 0, 4: 0}",1
655,False,"{'a': 0.5, 'e': 0.0013977106257519888}",20,8,22.684184914672695,"{0: 12, 1: 0, 2: 0, 3: 0, 4: 0}",1
656,False,"{'a': 0.5, 'e': 0.001383733519494469}",35,18,29.866485697040307,"{0: 17, 1: 0, 2: 0, 3: 0, 4: 0}",1
657,False,"{'a': 0.5, 'e': 0.0013698961842995242}",35,17,36.08859846970536,"{0: 18, 1: 0, 2: 0, 3: 0, 4: 0}",1
658,False,"{'a': 0.5, 'e': 0.001356197222456529}",20,13,15.24250645604147,"{0: 7, 1: 0, 2: 0, 3: 0, 4: 0}",1
659,False,"{'a': 0.5, 'e': 0.0013426352502319636}",25,3,38.19177898988565,"{0: 22, 1: 0, 2: 0, 3: 0, 4: 0}",1
660,False,"{'a': 0.5, 'e': 0.001329208897729644}",25,13,28.520237319081435,"{0: 12, 1: 0, 2: 0, 3: 0, 4: 0}",1
661,False,"{'a': 0.5, 'e': 0.0013159168087523475}",25,20,11.819546882000573,"{0: 5, 1: 0, 2: 0, 3: 0, 4: 0}",1
662,False,"{'a': 0.5, 'e': 0.0013027576406648242}",20,5,21.50221486923767,"{0: 15, 1: 0, 2: 0, 3: 0, 4: 0}",1
663,False,"{'a': 0.5, 'e': 0.0012897300642581758}",25,11,25.27064393676312,"{0: 14, 1: 0, 2: 0, 3: 0, 4: 0}",1
664,False,"{'a': 0.5, 'e': 0.001276832763615594}",20,14,11.901238714224274,"{0: 6, 1: 0, 2: 0, 3: 0, 4: 0}",1
665,False,"{'a': 0.5, 'e': 0.0012640644359794382}",25,14,21.650016531165676,"{0: 11, 1: 0, 2: 0, 3: 0, 4: 0}",1
666,False,"{'a': 0.5, 'e': 0.0012514237916196437}",25,5,30.48884799836647,"{0: 20, 1: 0, 2: 0, 3: 0, 4: 0}",1
667,False,"{'a': 0.5, 'e': 0.0012389095537034473}",20,12,16.105746842092156,"{0: 8, 1: 0, 2: 0, 3: 0, 4: 0}",1
668,False,"{'a': 0.5, 'e': 0.0012265204581664128}",20,10,18.350601962185166,"{0: 10, 1: 0, 2: 0, 3: 0, 4: 0}",1
669,False,"{'a': 0.5, 'e': 0.0012142552535847487}",35,28,13.961251843390217,"{0: 7, 1: 0, 2: 0, 3: 0, 4: 0}",1
670,False,"{'a': 0.5, 'e': 0.0012021127010489012}",25,8,28.45891726632749,"{0: 17, 1: 0, 2: 0, 3: 0, 4: 0}",1
671,False,"{'a': 0.5, 'e': 0.0011900915740384122}",25,14,23.243063435942943,"{0: 11, 1: 0, 2: 0, 3: 0, 4: 0}",1
672,False,"{'a': 0.5, 'e': 0.001178190658298028}",20,0,29.338810188582062,"{0: 20, 1: 0, 2: 0, 3: 0, 4: 0}",1
673,False,"{'a': 0.5, 'e': 0.0011664087517150477}",30,16,29.72072764434832,"{0: 14, 1: 0, 2: 0, 3: 0, 4: 0}",1
674,False,"{'a': 0.5, 'e': 0.0011547446641978973}",20,8,21.155902172315166,"{0: 12, 1: 0, 2: 0, 3: 0, 4: 0}",1
675,False,"{'a': 0.5, 'e': 0.0011431972175559183}",25,20,8.96020117275896,"{0: 5, 1: 0, 2: 0, 3: 0, 4: 0}",1
676,False,"{'a': 0.5, 'e': 0.0011317652453803591}",20,8,21.175377989261104,"{0: 12, 1: 0, 2: 0, 3: 0, 4: 0}",1
677,False,"{'a': 0.5, 'e': 0.0011204475929265554}",30,18,28.70956198284949,"{0: 12, 1: 0, 2: 0, 3: 0, 4: 0}",1
678,False,"{'a': 0.5, 'e': 0.0011092431169972899}",25,14,20.043859793832137,"{0: 11, 1: 0, 2: 0, 3: 0, 4: 0}",1
679,False,"{'a': 0.5, 'e': 0.001098150685827317}",25,8,30.720811852397354,"{0: 17, 1: 0, 2: 0, 3: 0, 4: 0}",1
680,False,"{'a': 0.5, 'e': 0.0010871691789690438}",20,12,17.71708209551021,"{0: 8, 1: 0, 2: 0, 3: 0, 4: 0}",1
681,False,"{'a': 0.5, 'e': 0.0010762974871793534}",20,3,24.82438021078047,"{0: 17, 1: 0, 2: 0, 3: 0, 4: 0}",1
682,False,"{'a': 0.5, 'e': 0.0010655345123075598}",25,13,23.82494400055259,"{0: 12, 1: 0, 2: 0, 3: 0, 4: 0}",1
683,False,"{'a': 0.5, 'e': 0.0010548791671844842}",20,11,16.526911615795235,"{0: 9, 1: 0, 2: 0, 3: 0, 4: 0}",1
684,False,"{'a': 0.5, 'e': 0.0010443303755126394}",25,17,17.235674393725642,"{0: 8, 1: 0, 2: 0, 3: 0, 4: 0}",1
685,False,"{'a': 0.5, 'e': 0.001033887071757513}",20,7,18.836214256505112,"{0: 13, 1: 0, 2: 0, 3: 0, 4: 0}",1
686,False,"{'a': 0.5, 'e': 0.0010235482010399377}",25,15,19.68799475651676,"{0: 10, 1: 0, 2: 0, 3: 0, 4: 0}",1
687,False,"{'a': 0.5, 'e': 0.0010133127190295385}",20,3,29.259999689957752,"{0: 17, 1: 0, 2: 0, 3: 0, 4: 0}",1
688,False,"{'a': 0.5, 'e': 0.001003179591839243}",30,12,36.97411353690646,"{0: 18, 1: 0, 2: 0, 3: 0, 4: 0}",1
689,False,"{'a': 0.5, 'e': 0.0009931477959208507}",30,4,49.11358946135473,"{0: 26, 1: 0, 2: 0, 3: 0, 4: 0}",1
1,True,"{'a': 0, 'e': 0}",30,22,16.789967145056934,"{0: 8, 1: 0, 2: 0, 3: 0, 4: 0}",1
2,True,"{'a': 0, 'e': 0}",20,9,20.38222316089599,"{0: 11, 1: 0, 2: 0, 3: 0, 4: 0}",1
3,True,"{'a': 0, 'e': 0}",25,13,20.89728137421929,"{0: 12, 1: 0, 2: 0, 3: 0, 4: 0}",1
4,True,"{'a': 0, 'e': 0}",25,2,36.264578219082146,"{0: 23, 1: 0, 2: 0, 3: 0, 4: 0}",1
5,True,"{'a': 0, 'e': 0}",35,17,29.84941224271442,"{0: 18, 1: 0, 2: 0, 3: 0, 4: 0}",1
6,True,"{'a': 0, 'e': 0}",35,23,24.214057191992286,"{0: 12, 1: 0, 2: 0, 3: 0, 4: 0}",1
7,True,"{'a': 0, 'e': 0}",20,13,13.159502947542862,"{0: 7, 1: 0, 2: 0, 3: 0, 4: 0}",1
8,True,"{'a': 0, 'e': 0}",20,6,26.53280928078869,"{0: 14, 1: 0, 2: 0, 3: 0, 4: 0}",1
9,True,"{'a': 0, 'e': 0}",20,10,19.066868500174635,"{0: 10, 1: 0, 2: 0, 3: 0, 4: 0}",1
10,True,"{'a': 0, 'e': 0}",20,8,22.383038864666446,"{0: 12, 1: 0, 2: 0, 3: 0, 4: 0}",1
11,True,"{'a': 0, 'e': 0}",25,15,15.910531263839681,"{0: 10, 1: 0, 2: 0, 3: 0, 4: 0}",1
12,True,"{'a': 0, 'e': 0}",25,16,17.24891577111509,"{0: 9, 1: 0, 2: 0, 3: 0, 4: 0}",1
13,True,"{'a': 0, 'e': 0}",25,19,12.35726859025872,"{0: 6, 1: 0, 2: 0, 3: 0, 4: 0}",1
14,True,"{'a': 0, 'e': 0}",20,0,28.85146684479429,"{0: 20, 1: 0, 2: 0, 3: 0, 4: 0}",0
15,True,"{'a': 0, 'e': 0}",25,3,34.97471795001612,"{0: 22, 1: 0, 2: 0, 3: 0, 4: 0}",1
16,True,"{'a': 0, 'e': 0}",25,18,13.09391346311402,"{0: 7, 1: 0, 2: 0, 3: 0, 4: 0}",1
17,True,"{'a': 0, 'e': 0}",20,0,31.406016426973718,"{0: 20, 1: 0, 2: 0, 3: 0, 4: 0}",0
18,True,"{'a': 0, 'e': 0}",20,7,22.499954722153436,"{0: 13, 1: 0, 2: 0, 3: 0, 4: 0}",1
19,True,"{'a': 0, 'e': 0}",20,13,12.09778671928235,"{0: 7, 1: 0, 2: 0, 3: 0, 4: 0}",1
20,True,"{'a': 0, 'e': 0}",20,2,28.70980988454216,"{0: 18, 1: 0, 2: 0, 3: 0, 4: 0}",1
21,True,"{'a': 0, 'e': 0}",20,14,11.579102913042666,"{0: 6, 1: 0, 2: 0, 3: 0, 4: 0}",1
22,True,"{'a': 0, 'e': 0}",20,3,27.788356765467785,"{0: 17, 1: 0, 2: 0, 3: 0, 4: 0}",1
23,True,"{'a': 0, 'e': 0}",20,14,9.60721964441353,"{0: 6, 1: 0, 2: 0, 3: 0, 4: 0}",1
24,True,"{'a': 0, 'e': 0}",30,13,24.384943240003512,"{0: 17, 1: 0, 2: 0, 3: 0, 4: 0}",1
25,True,"{'a': 0, 'e': 0}",20,10,21.199503348160672,"{0: 10, 1: 0, 2: 0, 3: 0, 4: 0}",1
26,True,"{'a': 0, 'e': 0}",20,12,12.118317018570847,"{0: 8, 1: 0, 2: 0, 3: 0, 4: 0}",1
27,True,"{'a': 0, 'e': 0}",20,6,24.340535367261054,"{0: 14, 1: 0, 2: 0, 3: 0, 4: 0}",1
28,True,"{'a': 0, 'e': 0}",25,12,28.480630092831582,"{0: 13, 1: 0, 2: 0, 3: 0, 4: 0}",1
29,True,"{'a': 0, 'e': 0}",25,9,31.11714413945343,"{0: 16, 1: 0, 2: 0, 3: 0, 4: 0}",1
30,True,"{'a': 0, 'e': 0}",25,16,18.202112433263178,"{0: 9, 1: 0, 2: 0, 3: 0, 4: 0}",1
31,True,"{'a': 0, 'e': 0}",25,12,23.182599279655044,"{0: 13, 1: 0, 2: 0, 3: 0, 4: 0}",1
32,True,"{'a': 0, 'e': 0}",25,8,31.1416327284501,"{0: 17, 1: 0, 2: 0, 3: 0, 4: 0}",1
33,True,"{'a': 0, 'e': 0}",20,12,11.10746801522249,"{0: 8, 1: 0, 2: 0, 3: 0, 4: 0}",1
34,True,"{'a': 0, 'e': 0}",20,10,18.219087680467492,"{0: 10, 1: 0, 2: 0, 3: 0, 4: 0}",1
35,True,"{'a': 0, 'e': 0}",20,0,35.62360736073238,"{0: 20, 1: 0, 2: 0, 3: 0, 4: 0}",0
36,True,"{'a': 0, 'e': 0}",20,16,8.716442551991475,"{0: 4, 1: 0, 2: 0, 3: 0, 4: 0}",1
37,True,"{'a': 0, 'e': 0}",20,6,23.96317644044701,"{0: 14, 1: 0, 2: 0, 3: 0, 4: 0}",1
38,True,"{'a': 0, 'e': 0}",20,12,14.454776024398122,"{0: 8, 1: 0, 2: 0, 3: 0, 4: 0}",1
39,True,"{'a': 0, 'e': 0}",20,7,26.48747924858595,"{0: 13, 1: 0, 2: 0, 3: 0, 4: 0}",1
40,True,"{'a': 0, 'e': 0}",25,16,12.80910211745819,"{0: 9, 1: 0, 2: 0, 3: 0, 4: 0}",1
41,True,"{'a': 0, 'e': 0}",20,6,28.108615807674433,"{0: 14, 1: 0, 2: 0, 3: 0, 4: 0}",1
42,True,"{'a': 0, 'e': 0}",20,13,10.985277164200983,"{0: 7, 1: 0, 2: 0, 3: 0, 4: 0}",1
43,True,"{'a': 0, 'e': 0}",25,18,12.427627307462554,"{0: 7, 1: 0, 2: 0, 3: 0, 4: 0}",1
44,True,"{'a': 0, 'e': 0}",20,12,16.93041653101884,"{0: 8, 1: 0, 2: 0, 3: 0, 4: 0}",1
45,True,"{'a': 0, 'e': 0}",20,10,16.987827568471893,"{0: 10, 1: 0, 2: 0, 3: 0, 4: 0}",1
46,True,"{'a': 0, 'e': 0}",25,20,9.618471794765854,"{0: 5, 1: 0, 2: 0, 3: 0, 4: 0}",1
47,True,"{'a': 0, 'e': 0}",30,16,27.45966993206586,"{0: 14, 1: 0, 2: 0, 3: 0, 4: 0}",1
48,True,"{'a': 0, 'e': 0}",25,12,24.67674320747394,"{0: 13, 1: 0, 2: 0, 3: 0, 4: 0}",1
49,True,"{'a': 0, 'e': 0}",20,10,16.22827849970529,"{0: 10, 1: 0, 2: 0, 3: 0, 4: 0}",1
50,True,"{'a': 0, 'e': 0}",20,10,16.303141919590736,"{0: 10, 1: 0, 2: 0, 3: 0, 4: 0}",1
51,True,"{'a': 0, 'e': 0}",30,10,35.6939847533355,"{0: 20, 1: 0, 2: 0, 3: 0, 4: 0}",1
52,True,"{'a': 0, 'e': 0}",20,0,32.7298909193468,"{0: 20, 1: 0, 2: 0, 3: 0, 4: 0}",0
53,True,"{'a': 0, 'e': 0}",25,5,34.65430259323982,"{0: 20, 1: 0, 2: 0, 3: 0, 4: 0}",1
54,True,"{'a': 0, 'e': 0}",20,6,24.2403461865262,"{0: 14, 1: 0, 2: 0, 3: 0, 4: 0}",1
55,True,"{'a': 0, 'e': 0}",35,19,26.15956206454375,"{0: 16, 1: 0, 2: 0, 3: 0, 4: 0}",1
56,True,"{'a': 0, 'e': 0}",20,13,12.760826711147638,"{0: 7, 1: 0, 2: 0, 3: 0, 4: 0}",1
57,True,"{'a': 0, 'e': 0}",20,15,10.97123792945671,"{0: 5, 1: 0, 2: 0, 3: 0, 4: 0}",1
58,True,"{'a': 0, 'e': 0}",25,18,15.100537472188435,"{0: 7, 1: 0, 2: 0, 3: 0, 4: 0}",1
59,True,"{'a': 0, 'e': 0}",30,8,44.850120257468745,"{0: 22, 1: 0, 2: 0, 3: 0, 4: 0}",1
60,True,"{'a': 0, 'e': 0}",25,16,15.41788457758412,"{0: 9, 1: 0, 2: 0, 3: 0, 4: 0}",1
61,True,"{'a': 0, 'e': 0}",25,17,17.21888222713395,"{0: 8, 1: 0, 2: 0, 3: 0, 4: 0}",1
62,True,"{'a': 0, 'e': 0}",25,8,31.494026944616174,"{0: 17, 1: 0, 2: 0, 3: 0, 4: 0}",1
63,True,"{'a': 0, 'e': 0}",20,0,29.457622773881916,"{0: 20, 1: 0, 2: 0, 3: 0, 4: 0}",0
64,True,"{'a': 0, 'e': 0}",25,20,10.312944093669074,"{0: 5, 1: 0, 2: 0, 3: 0, 4: 0}",1
65,True,"{'a': 0, 'e': 0}",30,23,12.038554791280324,"{0: 7, 1: 0, 2: 0, 3: 0, 4: 0}",1
66,True,"{'a': 0, 'e': 0}",25,12,25.484365483459023,"{0: 13, 1: 0, 2: 0, 3: 0, 4: 0}",1
67,True,"{'a': 0, 'e': 0}",20,13,13.929361147450383,"{0: 7, 1: 0, 2: 0, 3: 0, 4: 0}",1
68,True,"{'a': 0, 'e': 0}",20,9,21.275286886792063,"{0: 11, 1: 0, 2: 0, 3: 0, 4: 0}",1
69,True,"{'a': 0, 'e': 0}",20,14,12.364991558956099,"{0: 6, 1: 0, 2: 0, 3: 0, 4: 0}",1
70,True,"{'a': 0, 'e': 0}",30,24,13.703237002567684,"{0: 6, 1: 0, 2: 0, 3: 0, 4: 0}",1
71,True,"{'a': 0, 'e': 0}",25,17,13.69678450162506,"{0: 8, 1: 0, 2: 0, 3: 0, 4: 0}",1
72,True,"{'a': 0, 'e': 0}",25,20,9.933684492530613,"{0: 5, 1: 0, 2: 0, 3: 0, 4: 0}",1
73,True,"{'a': 0, 'e': 0}",20,16,8.116706028938514,"{0: 4, 1: 0, 2: 0, 3: 0, 4: 0}",1
74,True,"{'a': 0, 'e': 0}",20,0,27.56204169020013,"{0: 20, 1: 0, 2: 0, 3: 0, 4: 0}",0
75,True,"{'a': 0, 'e': 0}",30,20,20.823961022363267,"{0: 10, 1: 0, 2: 0, 3: 0, 4: 0}",1
76,True,"{'a': 0, 'e': 0}",20,5,29.251455608292126,"{0: 15, 1: 0, 2: 0, 3: 0, 4: 0}",1
77,True,"{'a': 0, 'e': 0}",25,15,16.036478302956475,"{0: 10, 1: 0, 2: 0, 3: 0, 4: 0}",1
78,True,"{'a': 0, 'e': 0}",20,0,35.30331359097363,"{0: 20, 1: 0, 2: 0, 3: 0, 4: 0}",0
79,True,"{'a': 0, 'e': 0}",25,16,15.807435949529141,"{0: 9, 1: 0, 2: 0, 3: 0, 4: 0}",1
80,True,"{'a': 0, 'e': 0}",35,24,19.965208262544284,"{0: 11, 1: 0, 2: 0, 3: 0, 4: 0}",1
81,True,"{'a': 0, 'e': 0}",25,13,20.49753298707359,"{0: 12, 1: 0, 2: 0, 3: 0, 4: 0}",1
82,True,"{'a': 0, 'e': 0}",25,8,27.89830463551167,"{0: 17, 1: 0, 2: 0, 3: 0, 4: 0}",1
83,True,"{'a': 0, 'e': 0}",25,8,29.908303343236955,"{0: 17, 1: 0, 2: 0, 3: 0, 4: 0}",1
84,True,"{'a': 0, 'e': 0}",20,0,30.007507862762647,"{0: 20, 1: 0, 2: 0, 3: 0, 4: 0}",1
85,True,"{'a': 0, 'e': 0}",25,13,21.757668715884414,"{0: 12, 1: 0, 2: 0, 3: 0, 4: 0}",1
86,True,"{'a': 0, 'e': 0}",30,19,24.02458268003983,"{0: 11, 1: 0, 2: 0, 3: 0, 4: 0}",1
87,True,"{'a': 0, 'e': 0}",25,20,10.335332729965847,"{0: 5, 1: 0, 2: 0, 3: 0, 4: 0}",1
88,True,"{'a': 0, 'e': 0}",25,10,28.354582278326205,"{0: 15, 1: 0, 2: 0, 3: 0, 4: 0}",1
89,True,"{'a': 0, 'e': 0}",30,20,20.78086633450187,"{0: 10, 1: 0, 2: 0, 3: 0, 4: 0}",1
90,True,"{'a': 0, 'e': 0}",25,7,29.991002289222973,"{0: 18, 1: 0, 2: 0, 3: 0, 4: 0}",1
91,True,"{'a': 0, 'e': 0}",20,13,11.813494922057078,"{0: 7, 1: 0, 2: 0, 3: 0, 4: 0}",1
92,True,"{'a': 0, 'e': 0}",25,12,26.85202573142361,"{0: 13, 1: 0, 2: 0, 3: 0, 4: 0}",1
93,True,"{'a': 0, 'e': 0}",25,15,21.787655393371875,"{0: 10, 1: 0, 2: 0, 3: 0, 4: 0}",1
94,True,"{'a': 0, 'e': 0}",25,12,22.84102762395954,"{0: 13, 1: 0, 2: 0, 3: 0, 4: 0}",1
95,True,"{'a': 0, 'e': 0}",25,14,19.358029523584122,"{0: 11, 1: 0, 2: 0, 3: 0, 4: 0}",1
96,True,"{'a': 0, 'e': 0}",30,16,23.904573065659008,"{0: 14, 1: 0, 2: 0, 3: 0, 4: 0}",1
97,True,"{'a': 0, 'e': 0}",20,12,13.649835989080877,"{0: 8, 1: 0, 2: 0, 3: 0, 4: 0}",1
98,True,"{'a': 0, 'e': 0}",20,6,26.083498557255535,"{0: 14, 1: 0, 2: 0, 3: 0, 4: 0}",1
99,True,"{'a': 0, 'e': 0}",20,6,22.970930067717934,"{0: 14, 1: 0, 2: 0, 3: 0, 4: 0}",1
100,True,"{'a': 0, 'e': 0}",20,10,18.632903610697216,"{0: 10, 1: 0, 2: 0, 3: 0, 4: 0}",1
